StartDate,EndDate,Status,IPAddress,Progress,Duration (in seconds),Finished,RecordedDate,ResponseId,RecipientLastName,RecipientFirstName,RecipientEmail,ExternalReference,LocationLatitude,LocationLongitude,DistributionChannel,UserLanguage,ID,Session,Control1,Control2,S_A1a_1,S_A1b_1,S_A2a_1,S_A2b_1,S_A3a_1,S_A3b_1,S_A4a_1,S_A4b_1,S_A5a_1,S_A5b_1,S_A6a_1,S_A6b_1,End_Aa_1,End_Ab_1,F_B1a_1,F_B1b_1,F_B2a_1,F_B2b_1,F_B3a_1,F_B3b_1,S_B1a_1,S_B1b_1,S_B2a_1,S_B2b_1,S_B3a_1,S_B3b_1,Q397_1,Q398_1,F_C1a_1,F_C1b_1,F_C2a_1,F_C2b_1,F_C3a_1,F_C3b_1,F_C4a_1,F_C4b_1,F_C5a_1,F_C5b_1,F_C6a_1,F_C6b_1,EndCa_1,EndCb_1,Q134,Q68,Q39,Q67,Q69,Q70,Q71,Q35_1,Q36_1,Receiver,FL_629_DO,FL_770_DO,FL_768_DO,FL_769_DO
Start Date,End Date,Response Type,IP Address,Progress,Duration (in seconds),Finished,Recorded Date,Response ID,Recipient Last Name,Recipient First Name,Recipient Email,External Data Reference,Location Latitude,Location Longitude,Distribution Channel,User Language,Participant ID,Session ID,Q1. What was your partners starting bonus?,"Q2. If your partner took £0.05 from you, how much would you keep?",Please use the slider below to indicate the extent to which you believe your partner's decision was driven by their desire to earn money in the trial. - 1,Please use the slider below to indicate to what extent your partner's decision was driven by their desire to reduce your bonus in the trial. - 1,Please use the slider below to indicate the extent to which you believe your partner's decision was driven by their desire to earn money in the trial. - 1,Please use the slider below to indicate to what extent your partner's decision was driven by their desire to reduce your bonus in the trial. - 1,Please use the slider below to indicate the extent to which you believe your partner's decision was driven by their desire to earn money in the trial. - 1,Please use the slider below to indicate to what extent your partner's decision was driven by their desire to reduce your bonus in the trial. - 1,Please use the slider below to indicate the extent to which you believe your partner's decision was driven by their desire to earn money in the trial. - 1,Please use the slider below to indicate to what extent your partner's decision was driven by their desire to reduce your bonus in the trial. - 1,Please use the slider below to indicate the extent to which you believe your partner's decision was driven by their desire to earn money in the trial. - 1,Please use the slider below to indicate to what extent your partner's decision was driven by their desire to reduce your bonus in the trial. - 1,Please use the slider below to indicate the extent to which you believe your partner's decision was driven by their desire to earn money in the trial. - 1,Please use the slider below to indicate to what extent your partner's decision was driven by their desire to reduce your bonus in the trial. - 1,Please use the slider below to indicate the extent to which you believe your partner's decision was driven by their desire to earn money overall in the game. - 1,Please use the slider below to indicate to what extent your partner's decision was driven by their desire to reduce your bonus overall in the game. - 1,Please use the slider below to indicate the extent to which you believe your partner's decision was driven by their desire to earn money in the trial. - 1,Please use the slider below to indicate to what extent your partner's decision was driven by their desire to reduce your bonus in the trial. - 1,Please use the slider below to indicate the extent to which you believe your partner's decision was driven by their desire to earn money in the trial. - 1,Please use the slider below to indicate to what extent your partner's decision was driven by their desire to reduce your bonus in the trial. - 1,Please use the slider below to indicate the extent to which you believe your partner's decision was driven by their desire to earn money in the trial. - 1,Please use the slider below to indicate to what extent your partner's decision was driven by their desire to reduce your bonus in the trial. - 1,Please use the slider below to indicate the extent to which you believe your partner's decision was driven by their desire to earn money in the trial. - 1,Please use the slider below to indicate to what extent your partner's decision was driven by their desire to reduce your bonus in the trial. - 1,Please use the slider below to indicate the extent to which you believe your partner'sdecision was driven by their desire to earn money in the trial. - 1,Please use the slider below to indicate to what extent your partner's decision was driven by their desire to reduce your bonus in the trial. - 1,Please use the slider below to indicate the extent to which you believe your partner's decision was driven by their desire to earn money in the trial. - 1,Please use the slider below to indicate to what extent your partner's decision was driven by their desire to reduce your bonus in the trial. - 1,Please use the slider below to indicate the extent to which you believe your partner's decision was driven by their desire to earn money overall in the game. - 1,Please use the slider below to indicate to what extent your partner's decision was driven by their desire to reduce your bonus overall in the game. - 1,Please use the slider below to indicate the extent to which you believe your partner's decision was driven by their desire to earn money in the trial. - 1,Please use the slider below to indicate to what extent your partner's decision was driven by their desire to reduce your bonus in the trial. - 1,Please use the slider below to indicate the extent to which you believe your partner's decision was driven by their desire to earn money in the trial. - 1,Please use the slider below to indicate to what extent your partner's decision was driven by their desire to reduce your bonus in the trial. - 1,Please use the slider below to indicate the extent to which you believe your partner's decision was driven by their desire to earn money in the trial. - 1,Please use the slider below to indicate to what extent your partner's decision was driven by their desire to reduce your bonus in the trial. - 1,Please use the slider below to indicate the extent to which you believe your partner's decision was driven by their desire to earn money in the trial. - 1,Please use the slider below to indicate to what extent your partner's decision was driven by their desire to reduce your bonus in the trial. - 1,Please use the slider below to indicate the extent to which you believe your partner's decision was driven by their desire to earn money in the trial. - 1,Please use the slider below to indicate to what extent your partner's decision was driven by their desire to reduce your bonus in the trial. - 1,Please use the slider below to indicate the extent to which you believe your partner'sdecision was driven by their desire to earn money in the trial. - 1,Please use the slider below to indicate to what extent your partner's decision was driven by their desire to reduce your bonus in the trial. - 1,Please use the slider below to indicate the extent to which you believe your partner's decision was driven by their desire to earn money overall in the game. - 1,Please use the slider below to indicate to what extent your partner's decision was driven by their desire to reduce your bonus overall in the game. - 1,Please choose an avatar,Please indicate your decision below.,Please indicate your decision below.,Please indicate your decision below.,Please indicate your decision below.,Please indicate your decision below.,Please indicate your decision below.,"Thanks - it's nearly the end! Before you go, it would be very helpful if you could answer some additional questions to help with our research. 

Unlike some other research labs, the Cultural and Social Neuroscience lab does not use deception. All participants are real. Nevertheless, for our own purposes, it is helpful to know to what extent you believed that the other player really existed. - Please choose one",To what extent have you participated in tasks similar to this before? - Please choose one,Receiver,FL_629 - Block Randomizer - Display Order,FL_770 - Block Randomizer - Display Order,FL_768 - Block Randomizer - Display Order,FL_769 - Block Randomizer - Display Order
"{""ImportId"":""startDate"",""timeZone"":""Europe/London""}","{""ImportId"":""endDate"",""timeZone"":""Europe/London""}","{""ImportId"":""status""}","{""ImportId"":""ipAddress""}","{""ImportId"":""progress""}","{""ImportId"":""duration""}","{""ImportId"":""finished""}","{""ImportId"":""recordedDate"",""timeZone"":""Europe/London""}","{""ImportId"":""_recordId""}","{""ImportId"":""recipientLastName""}","{""ImportId"":""recipientFirstName""}","{""ImportId"":""recipientEmail""}","{""ImportId"":""externalDataReference""}","{""ImportId"":""locationLatitude""}","{""ImportId"":""locationLongitude""}","{""ImportId"":""distributionChannel""}","{""ImportId"":""userLanguage""}","{""ImportId"":""QID395_TEXT""}","{""ImportId"":""QID408_TEXT""}","{""ImportId"":""QID373""}","{""ImportId"":""QID374""}","{""ImportId"":""QID71_1""}","{""ImportId"":""QID72_1""}","{""ImportId"":""QID180_1""}","{""ImportId"":""QID181_1""}","{""ImportId"":""QID183_1""}","{""ImportId"":""QID184_1""}","{""ImportId"":""QID186_1""}","{""ImportId"":""QID187_1""}","{""ImportId"":""QID189_1""}","{""ImportId"":""QID190_1""}","{""ImportId"":""QID192_1""}","{""ImportId"":""QID193_1""}","{""ImportId"":""QID61_1""}","{""ImportId"":""QID62_1""}","{""ImportId"":""QID103_1""}","{""ImportId"":""QID104_1""}","{""ImportId"":""QID204_1""}","{""ImportId"":""QID205_1""}","{""ImportId"":""QID207_1""}","{""ImportId"":""QID208_1""}","{""ImportId"":""QID100_1""}","{""ImportId"":""QID101_1""}","{""ImportId"":""QID216_1""}","{""ImportId"":""QID217_1""}","{""ImportId"":""QID219_1""}","{""ImportId"":""QID220_1""}","{""ImportId"":""QID397_1""}","{""ImportId"":""QID398_1""}","{""ImportId"":""QID116_1""}","{""ImportId"":""QID117_1""}","{""ImportId"":""QID234_1""}","{""ImportId"":""QID235_1""}","{""ImportId"":""QID237_1""}","{""ImportId"":""QID238_1""}","{""ImportId"":""QID240_1""}","{""ImportId"":""QID241_1""}","{""ImportId"":""QID243_1""}","{""ImportId"":""QID244_1""}","{""ImportId"":""QID246_1""}","{""ImportId"":""QID247_1""}","{""ImportId"":""QID110_1""}","{""ImportId"":""QID111_1""}","{""ImportId"":""QID407""}","{""ImportId"":""QID125""}","{""ImportId"":""QID65""}","{""ImportId"":""QID124""}","{""ImportId"":""QID126""}","{""ImportId"":""QID127""}","{""ImportId"":""QID128""}","{""ImportId"":""QID36_1""}","{""ImportId"":""QID37_1""}","{""ImportId"":""Receiver""}","{""ImportId"":""FL_629_DO""}","{""ImportId"":""FL_770_DO""}","{""ImportId"":""FL_768_DO""}","{""ImportId"":""FL_769_DO""}"
2018-09-25 14:05:29,2018-09-25 14:15:18,IP Address,213.205.251.31,100,588,True,2018-09-25 14:15:19,R_1DZHc4pnRDogjsu,,,,,51.5500030517578125,0.1667022705078125,anonymous,EN,1008,1,£0.00,£0.05,74,6,86,7,92,8,90,12,98,18,81,10,94,6,10,0,13,0,12,0,91,9,82,0,89,5,46,0,11,0,8,0,8,0,0,0,0,0,0,0,0,0,,I want to take £0.05 and leave £0.05 for Player 2,I want to take £0.05 and leave £0.05 for Player 2,I want to take £0.05 and leave £0.05 for Player 2,I want to take £0.05 and leave £0.05 for Player 2,I want to take £0.05 and leave £0.05 for Player 2,I want to take £0.05 and leave £0.05 for Player 2,4,4,PlayerStingy,FL_628,stingy_taking_PlayerB3|stingy_taking_PlayerB1|fair_taking_PlayerB1|fair_taking_PlayerB3|stingy_taking_PlayerB2|fair_taking_PlayerB2,,
2018-09-27 14:20:17,2018-09-27 14:28:01,IP Address,193.61.207.132,100,463,True,2018-09-27 14:28:01,R_3j0DztUxQ8wLnhs,,,,,51.5142059326171875,-0.0930938720703125,anonymous,EN,1007,1,£0.00,£0.05,100,75,97,85,95,78,97,85,94,81,95,85,95,87,96,5,94,4,100,3,99,3,99,2,100,1,98,4,94,4,92,7,95,3,95,9,97,5,97,3,75,5,,I want to take £0.10 and leave £0.00 for Player 2,I want to take £0.10 and leave £0.00 for Player 2,I want to take £0.10 and leave £0.00 for Player 2,I want to take £0.05 and leave £0.05 for Player 2,I want to take £0.05 and leave £0.05 for Player 2,I want to take £0.05 and leave £0.05 for Player 2,2,1 - Nothing like this scenario,PlayerEqual,FL_631,,fair_taking_PlayerB2|stingy_taking_PlayerB3|fair_taking_PlayerB1|stingy_taking_PlayerB2|fair_taking_PlayerB3|stingy_taking_PlayerB1,
2018-10-02 14:28:43,2018-10-02 14:33:43,IP Address,213.205.240.209,100,299,True,2018-10-02 14:33:44,R_3mfbRCPMY1CAT2d,,,,,51.5142059326171875,-0.0930938720703125,anonymous,EN,1008,2,£0.00,£0.05,84,48,98,49,100,36,100,43,100,38,100,16,100,11,17,0,32,0,0,0,100,0,88,0,100,0,51,0,5,2,0,0,0,0,0,0,0,0,0,0,0,0,,I want to take £0.05 and leave £0.05 for Player 2,I want to take £0.05 and leave £0.05 for Player 2,I want to take £0.05 and leave £0.05 for Player 2,I want to take £0.05 and leave £0.05 for Player 2,I want to take £0.05 and leave £0.05 for Player 2,I want to take £0.05 and leave £0.05 for Player 2,4,5 - Exactly like this scenario,PlayerFair,FL_630,,,stingy_taking_PlayerB3|stingy_taking_PlayerB1|fair_taking_PlayerB3|stingy_taking_PlayerB2|fair_taking_PlayerB1|fair_taking_PlayerB2
2018-10-04 14:01:20,2018-10-04 14:10:48,IP Address,213.205.240.137,100,567,True,2018-10-04 14:10:49,R_3L6hyIsFbkd3zDE,,,,,51.5142059326171875,-0.0930938720703125,anonymous,EN,1007,2,£0.00,£0.05,98,95,95,96,95,95,95,95,96,90,94,84,92,92,21,8,59,14,24,11,89,82,94,99,90,83,64,64,14,13,3,4,4,3,15,15,32,10,8,10,12,0,,I want to take £0.10 and leave £0.00 for Player 2,I want to take £0.10 and leave £0.00 for Player 2,I want to take £0.05 and leave £0.05 for Player 2,I want to take £0.05 and leave £0.05 for Player 2,I want to take £0.05 and leave £0.05 for Player 2,I want to take £0.05 and leave £0.05 for Player 2,4,1 - Nothing like this scenario,PlayerStingy,FL_628,stingy_taking_PlayerB1|stingy_taking_PlayerB3|fair_taking_PlayerB2|fair_taking_PlayerB1|fair_taking_PlayerB3|stingy_taking_PlayerB2,,
2018-10-11 13:17:26,2018-10-11 13:22:38,IP Address,213.205.240.207,100,311,True,2018-10-11 13:22:38,R_2EaVJ9SmSCfkVNT,,,,,51.5142059326171875,-0.0930938720703125,anonymous,EN,1007,3,£0.00,£0.05,88,37,96,68,94,92,97,97,94,95,94,85,96,90,23,24,70,10,12,13,92,13,97,6,82,65,83,31,13,9,11,11,9,9,13,14,11,12,7,7,8,9,,I want to take £0.10 and leave £0.00 for Player 2,I want to take £0.10 and leave £0.00 for Player 2,I want to take £0.05 and leave £0.05 for Player 2,I want to take £0.05 and leave £0.05 for Player 2,I want to take £0.05 and leave £0.05 for Player 2,I want to take £0.05 and leave £0.05 for Player 2,5 -Very confident that other player was real,1 - Nothing like this scenario,PlayerEqual,FL_631,,fair_taking_PlayerB1|stingy_taking_PlayerB2|fair_taking_PlayerB3|stingy_taking_PlayerB1|fair_taking_PlayerB2|stingy_taking_PlayerB3,
2018-10-11 14:14:33,2018-10-11 14:18:23,IP Address,213.205.240.207,100,230,True,2018-10-11 14:18:24,R_3OdcYZ8ZXT6VLvH,,,,,51.5142059326171875,-0.0930938720703125,anonymous,EN,1008,3,£0.00,£0.05,81,40,75,33,77,25,77,24,93,32,90,28,100,25,10,5,50,51,5,8,94,18,80,8,81,12,80,8,4,2,7,7,9,10,6,7,6,7,1,2,0,0,,I want to take £0.05 and leave £0.05 for Player 2,I want to take £0.05 and leave £0.05 for Player 2,I want to take £0.05 and leave £0.05 for Player 2,I want to take £0.05 and leave £0.05 for Player 2,I want to take £0.05 and leave £0.05 for Player 2,I want to take £0.05 and leave £0.05 for Player 2,5 -Very confident that other player was real,5 - Exactly like this scenario,PlayerFair,FL_630,,,fair_taking_PlayerB1|fair_taking_PlayerB3|stingy_taking_PlayerB2|stingy_taking_PlayerB3|stingy_taking_PlayerB1|fair_taking_PlayerB2
2018-10-16 14:45:16,2018-10-16 14:52:36,IP Address,213.205.240.240,100,439,True,2018-10-16 14:52:36,R_a4ZW0wRHqU1l7wt,,,,,51.5160980224609375,-0.0948944091796875,anonymous,EN,1009,1,£0.05,£0.00,100,0,100,8,93,4,100,19,100,15,97,12,85,11,79,1,78,0,75,1,93,30,100,0,98,5,74,24,68,5,81,7,84,7,88,7,89,6,90,8,83,10,,I want to take £0.10 and leave £0.00 for Player 2,I want to take £0.10 and leave £0.00 for Player 2,I want to take £0.10 and leave £0.00 for Player 2,I want to take £0.10 and leave £0.00 for Player 2,I want to take £0.10 and leave £0.00 for Player 2,I want to take £0.10 and leave £0.00 for Player 2,3,1 - Nothing like this scenario,PlayerEqual,FL_631,,fair_taking_PlayerB2|stingy_taking_PlayerB2|fair_taking_PlayerB3|fair_taking_PlayerB1|stingy_taking_PlayerB1|stingy_taking_PlayerB3,
2018-10-23 14:09:52,2018-10-23 14:14:55,IP Address,193.61.207.147,100,303,True,2018-10-23 14:14:56,R_3hapSbjLrFfwwJn,,,,,51.5160980224609375,-0.0948944091796875,anonymous,EN,1009,2,£0.05,£0.05,100,28,100,27,100,17,100,17,100,18,100,24,100,17,91,0,80,0,85,0,100,10,100,11,100,21,89,9,63,0,73,0,84,0,79,0,85,0,86,0,87,1,,I want to take £0.10 and leave £0.00 for Player 2,I want to take £0.10 and leave £0.00 for Player 2,I want to take £0.10 and leave £0.00 for Player 2,I want to take £0.10 and leave £0.00 for Player 2,I want to take £0.10 and leave £0.00 for Player 2,I want to take £0.10 and leave £0.00 for Player 2,5 -Very confident that other player was real,5 - Exactly like this scenario,PlayerFair,FL_630,,,fair_taking_PlayerB3|stingy_taking_PlayerB3|fair_taking_PlayerB2|stingy_taking_PlayerB1|stingy_taking_PlayerB2|fair_taking_PlayerB1
2018-10-30 14:36:31,2018-10-30 14:40:21,IP Address,213.205.240.235,100,229,True,2018-10-30 14:43:22,R_6FmX1nU1LYjEndL,,,,,51.5160980224609375,-0.0948944091796875,anonymous,EN,1009,3,£0.05,£0.05,100,11,100,6,100,8,100,10,100,8,100,8,100,11,88,0,88,0,86,0,100,17,100,23,100,12,97,3,88,0,94,0,93,0,95,0,95,0,100,8,92,0,,I want to take £0.10 and leave £0.00 for Player 2,I want to take £0.10 and leave £0.00 for Player 2,I want to take £0.10 and leave £0.00 for Player 2,I want to take £0.10 and leave £0.00 for Player 2,I want to take £0.10 and leave £0.00 for Player 2,I want to take £0.10 and leave £0.00 for Player 2,5 -Very confident that other player was real,5 - Exactly like this scenario,PlayerEqual,FL_631,,stingy_taking_PlayerB2|stingy_taking_PlayerB1|fair_taking_PlayerB3|fair_taking_PlayerB2|fair_taking_PlayerB1|stingy_taking_PlayerB3,
2018-11-01 13:48:42,2018-11-01 13:59:01,IP Address,213.205.240.215,100,619,True,2018-11-01 13:59:02,R_1C17xii2TyW6Zis,,,,,51.5160980224609375,-0.0948944091796875,anonymous,EN,1011,1,£0.00,£0.05,81,19,82,21,88,18,86,17,83,17,85,19,81,20,81,17,75,21,75,17,78,20,81,20,81,26,86,21,79,17,81,22,82,21,85,17,83,23,84,19,81,19,,I want to take £0.05 and leave £0.05 for Player 2,I want to take £0.05 and leave £0.05 for Player 2,I want to take £0.05 and leave £0.05 for Player 2,I want to take £0.05 and leave £0.05 for Player 2,I want to take £0.05 and leave £0.05 for Player 2,I want to take £0.05 and leave £0.05 for Player 2,5 -Very confident that other player was real,3,PlayerEqual,FL_631,,fair_taking_PlayerB2|fair_taking_PlayerB3|stingy_taking_PlayerB3|fair_taking_PlayerB1|stingy_taking_PlayerB1|stingy_taking_PlayerB2,
2018-11-08 14:15:53,2018-11-08 14:20:28,IP Address,213.205.251.68,100,274,True,2018-11-08 14:20:29,R_6mamuth5x1Hu5ZD,,,,,51.5460968017578125,0.1389007568359375,anonymous,EN,1011,2,£0.00,£0.05,90,10,86,9,91,13,88,13,89,13,89,11,90,13,86,10,91,17,91,15,96,12,87,17,88,14,90,12,93,14,92,15,94,14,91,11,88,14,90,10,89,7,,I want to take £0.05 and leave £0.05 for Player 2,I want to take £0.05 and leave £0.05 for Player 2,I want to take £0.05 and leave £0.05 for Player 2,I want to take £0.05 and leave £0.05 for Player 2,I want to take £0.05 and leave £0.05 for Player 2,I want to take £0.05 and leave £0.05 for Player 2,5 -Very confident that other player was real,1 - Nothing like this scenario,PlayerEqual,FL_631,,fair_taking_PlayerB3|stingy_taking_PlayerB1|fair_taking_PlayerB2|stingy_taking_PlayerB3|fair_taking_PlayerB1|stingy_taking_PlayerB2,
2018-11-13 14:02:44,2018-11-13 14:13:20,IP Address,213.205.240.167,100,635,True,2018-11-13 14:13:21,R_2yq1RjyOnhfuAJ8,,,,,51.5160980224609375,-0.0948944091796875,anonymous,EN,1012,1,£0.00,£0.05,100,0,90,4,92,1,91,9,94,7,90,2,93,4,90,10,85,6,90,5,96,5,85,7,96,4,90,4,95,6,93,6,92,7,95,6,92,7,92,4,91,7,,I want to take £0.05 and leave £0.05 for Player 2,I want to take £0.05 and leave £0.05 for Player 2,I want to take £0.05 and leave £0.05 for Player 2,I want to take £0.05 and leave £0.05 for Player 2,I want to take £0.05 and leave £0.05 for Player 2,I want to take £0.05 and leave £0.05 for Player 2,4,2,PlayerEqual,FL_631,,fair_taking_PlayerB1|fair_taking_PlayerB2|fair_taking_PlayerB3|stingy_taking_PlayerB3|stingy_taking_PlayerB1|stingy_taking_PlayerB2,
2018-11-15 14:04:51,2018-11-15 14:09:20,IP Address,213.205.240.226,100,269,True,2018-11-15 14:09:21,R_tKZnjqeLQlLBMB3,,,,,51.5160980224609375,-0.0948944091796875,anonymous,EN,1011,3,£0.10,£0.05,92,9,86,13,87,14,88,10,88,10,88,13,85,10,88,12,86,13,86,10,90,11,82,12,89,10,90,14,86,13,90,10,87,12,89,16,86,12,89,13,86,11,,I want to take £0.10 and leave £0.00 for Player 2,I want to take £0.10 and leave £0.00 for Player 2,I want to take £0.10 and leave £0.00 for Player 2,I want to take £0.10 and leave £0.00 for Player 2,I want to take £0.10 and leave £0.00 for Player 2,I want to take £0.10 and leave £0.00 for Player 2,4,1 - Nothing like this scenario,PlayerEqual,FL_631,,stingy_taking_PlayerB2|fair_taking_PlayerB3|stingy_taking_PlayerB1|fair_taking_PlayerB2|fair_taking_PlayerB1|stingy_taking_PlayerB3,
2018-11-20 13:38:57,2018-11-20 13:44:41,IP Address,213.205.240.231,100,343,True,2018-11-20 13:44:41,R_vi6wrnXHmkiDsv7,,,,,51.5272064208984375,-0.06109619140625,anonymous,EN,1012,2,£0.00,£0.05,100,1,100,0,100,1,100,0,100,0,100,0,100,0,83,0,78,1,81,0,100,0,100,1,100,0,92,0,87,0,83,0,84,0,88,0,87,0,86,0,89,0,,I want to take £0.05 and leave £0.05 for Player 2,I want to take £0.05 and leave £0.05 for Player 2,I want to take £0.05 and leave £0.05 for Player 2,I want to take £0.05 and leave £0.05 for Player 2,I want to take £0.05 and leave £0.05 for Player 2,I want to take £0.05 and leave £0.05 for Player 2,5 -Very confident that other player was real,2,PlayerEqual,FL_631,,fair_taking_PlayerB2|fair_taking_PlayerB3|stingy_taking_PlayerB2|stingy_taking_PlayerB3|fair_taking_PlayerB1|stingy_taking_PlayerB1,
2018-11-22 13:44:27,2018-11-22 13:53:45,IP Address,213.205.198.242,100,557,True,2018-11-22 13:53:45,R_aWWD8Um1754Q4W5,,,,,51.4552001953125,-2.5966033935546875,anonymous,EN,1013,1,£0.00,£0.05,26,27,25,27,20,22,18,24,16,24,18,25,26,29,19,23,22,25,26,28,26,29,21,24,15,25,23,27,23,25,29,25,24,29,23,28,23,26,22,22,23,19,,I want to take £0.05 and leave £0.05 for Player 2,I want to take £0.05 and leave £0.05 for Player 2,I want to take £0.10 and leave £0.00 for Player 2,I want to take £0.10 and leave £0.00 for Player 2,I want to take £0.10 and leave £0.00 for Player 2,I want to take £0.05 and leave £0.05 for Player 2,3,1 - Nothing like this scenario,PlayerFair,FL_630,,,fair_taking_PlayerB3|fair_taking_PlayerB1|fair_taking_PlayerB2|stingy_taking_PlayerB1|stingy_taking_PlayerB3|stingy_taking_PlayerB2
2018-11-26 13:28:14,2018-11-26 14:00:19,IP Address,213.205.240.170,96,1924,False,2018-11-26 18:00:38,R_1jSV1Hy0XBQTYZ2,,,,,,,anonymous,EN,1015,1,£0.00,£0.05,100,27,100,36,100,32,100,40,100,27,100,26,100,28,67,0,62,0,25,0,100,32,100,29,100,1,62,6,49,0,50,0,50,0,50,0,50,0,50,0,48,0,,I want to take £0.10 and leave £0.00 for Player 2,I want to take £0.10 and leave £0.00 for Player 2,I want to take £0.10 and leave £0.00 for Player 2,I want to take £0.10 and leave £0.00 for Player 2,I want to take £0.10 and leave £0.00 for Player 2,I want to take £0.05 and leave £0.05 for Player 2,5 -Very confident that other player was real,1 - Nothing like this scenario,PlayerStingy,FL_628,fair_taking_PlayerB3|stingy_taking_PlayerB3|fair_taking_PlayerB2|fair_taking_PlayerB1|stingy_taking_PlayerB1|stingy_taking_PlayerB2,,
2018-11-27 14:40:24,2018-11-27 14:45:00,IP Address,213.205.240.215,100,276,True,2018-11-27 14:45:02,R_3hh9humTeO7Cnff,,,,,51.5,-0.0832977294921875,anonymous,EN,1012,3,£0.00,£0.05,100,0,100,0,100,0,100,0,100,0,100,0,100,0,82,0,74,0,82,0,100,0,100,0,100,0,84,0,74,0,78,0,74,0,79,0,75,0,78,0,87,1,,I want to take £0.05 and leave £0.05 for Player 2,I want to take £0.05 and leave £0.05 for Player 2,I want to take £0.05 and leave £0.05 for Player 2,I want to take £0.05 and leave £0.05 for Player 2,I want to take £0.05 and leave £0.05 for Player 2,I want to take £0.05 and leave £0.05 for Player 2,5 -Very confident that other player was real,3,PlayerStingy,FL_628,fair_taking_PlayerB3|stingy_taking_PlayerB3|fair_taking_PlayerB1|stingy_taking_PlayerB2|fair_taking_PlayerB2|stingy_taking_PlayerB1,,
2018-11-29 14:45:08,2018-11-29 14:48:50,IP Address,213.205.240.216,100,222,True,2018-11-29 14:48:51,R_2WC2dfee9SmIYdJ,,,,,51.5,-0.0832977294921875,anonymous,EN,1013,2,£0.10,£0.05,26,28,73,27,78,47,78,40,79,40,82,40,72,38,33,38,56,47,46,45,69,36,72,37,58,42,51,47,41,40,23,28,26,28,25,26,26,27,28,29,28,30,,I want to take £0.05 and leave £0.05 for Player 2,I want to take £0.05 and leave £0.05 for Player 2,I want to take £0.10 and leave £0.00 for Player 2,I want to take £0.10 and leave £0.00 for Player 2,I want to take £0.10 and leave £0.00 for Player 2,I want to take £0.10 and leave £0.00 for Player 2,4,2,PlayerFair,FL_630,,,stingy_taking_PlayerB3|stingy_taking_PlayerB1|stingy_taking_PlayerB2|fair_taking_PlayerB2|fair_taking_PlayerB3|fair_taking_PlayerB1
2018-12-03 16:13:02,2018-12-03 16:17:27,IP Address,213.205.240.138,100,264,True,2018-12-03 16:17:28,R_3nvjhTC46uuDyik,,,,,51.5366973876953125,-0.0944061279296875,anonymous,EN,1015,2,£0.00,£0.05,100,36,100,45,100,46,100,49,100,50,100,48,100,47,74,0,65,20,69,0,100,48,100,48,100,41,86,18,62,0,80,0,54,2,50,0,50,0,50,0,51,0,,I want to take £0.10 and leave £0.00 for Player 2,I want to take £0.10 and leave £0.00 for Player 2,I want to take £0.10 and leave £0.00 for Player 2,I want to take £0.10 and leave £0.00 for Player 2,I want to take £0.10 and leave £0.00 for Player 2,I want to take £0.05 and leave £0.05 for Player 2,5 -Very confident that other player was real,5 - Exactly like this scenario,PlayerFair,FL_630,,,stingy_taking_PlayerB1|stingy_taking_PlayerB2|fair_taking_PlayerB1|stingy_taking_PlayerB3|fair_taking_PlayerB3|fair_taking_PlayerB2
2018-12-06 14:08:10,2018-12-06 14:11:21,IP Address,213.205.240.157,100,190,True,2018-12-06 14:11:21,R_yrxhQrY2OjZzVzH,,,,,51.5366973876953125,-0.0944061279296875,anonymous,EN,1013,3,£0.00,£0.05,29,32,44,45,58,41,61,42,63,43,61,39,62,32,29,31,28,28,34,36,29,26,32,33,30,29,26,25,24,25,26,28,23,24,22,22,19,23,21,22,21,22,,I want to take £0.05 and leave £0.05 for Player 2,I want to take £0.10 and leave £0.00 for Player 2,I want to take £0.05 and leave £0.05 for Player 2,I want to take £0.10 and leave £0.00 for Player 2,I want to take £0.10 and leave £0.00 for Player 2,I want to take £0.10 and leave £0.00 for Player 2,4,1 - Nothing like this scenario,PlayerEqual,FL_631,,stingy_taking_PlayerB2|fair_taking_PlayerB3|stingy_taking_PlayerB1|stingy_taking_PlayerB3|fair_taking_PlayerB1|fair_taking_PlayerB2,
2018-12-10 13:48:06,2018-12-10 13:51:57,IP Address,213.205.194.238,100,230,True,2018-12-10 13:51:58,R_2OPjMs2vOTEvcfV,,,,,50.9109954833984375,-1.391998291015625,anonymous,EN,1015,3,£0.00,£0.05,100,0,100,0,100,0,100,1,100,0,100,1,100,1,50,0,51,0,50,1,100,0,100,0,100,0,74,0,48,0,31,0,24,0,19,0,15,0,8,0,23,0,,I want to take £0.10 and leave £0.00 for Player 2,I want to take £0.10 and leave £0.00 for Player 2,I want to take £0.10 and leave £0.00 for Player 2,I want to take £0.10 and leave £0.00 for Player 2,I want to take £0.05 and leave £0.05 for Player 2,I want to take £0.05 and leave £0.05 for Player 2,5 -Very confident that other player was real,5 - Exactly like this scenario,PlayerEqual,FL_631,,stingy_taking_PlayerB1|fair_taking_PlayerB2|stingy_taking_PlayerB2|fair_taking_PlayerB3|fair_taking_PlayerB1|stingy_taking_PlayerB3,
2019-01-15 13:24:29,2019-01-15 14:06:26,IP Address,213.205.240.206,100,2517,True,2019-01-15 14:06:27,R_1nPGn5IRntvTOOR,,,,,51.5160980224609375,-0.0948944091796875,anonymous,EN,1017,1,£0.00,£0.05,100,0,100,0,100,0,100,0,100,0,100,0,100,0,76,0,75,0,69,0,100,0,100,0,100,0,92,0,49,0,50,0,50,0,50,0,70,0,65,0,100,0,,I want to take £0.05 and leave £0.05 for Player 2,I want to take £0.05 and leave £0.05 for Player 2,I want to take £0.05 and leave £0.05 for Player 2,I want to take £0.05 and leave £0.05 for Player 2,I want to take £0.05 and leave £0.05 for Player 2,I want to take £0.05 and leave £0.05 for Player 2,5 -Very confident that other player was real,1 - Nothing like this scenario,PlayerEqual,FL_631,,stingy_taking_PlayerB3|fair_taking_PlayerB2|fair_taking_PlayerB3|stingy_taking_PlayerB1|stingy_taking_PlayerB2|fair_taking_PlayerB1,
2019-01-17 13:28:48,2019-01-17 13:54:10,IP Address,213.205.198.134,100,1522,True,2019-01-17 13:54:10,R_2QyPib1DK5KslkX,,,,,51.4799957275390625,-3.17999267578125,anonymous,EN,1016,1,£0.00,£0.05,100,0,100,0,100,0,100,0,100,0,100,0,100,0,71,0,73,4,75,0,93,0,90,0,94,1,85,1,68,25,79,0,83,0,79,0,81,0,81,0,81,2,,I want to take £0.10 and leave £0.00 for Player 2,I want to take £0.10 and leave £0.00 for Player 2,I want to take £0.10 and leave £0.00 for Player 2,I want to take £0.05 and leave £0.05 for Player 2,I want to take £0.10 and leave £0.00 for Player 2,I want to take £0.05 and leave £0.05 for Player 2,2,1 - Nothing like this scenario,PlayerFair,FL_630,,,fair_taking_PlayerB2|fair_taking_PlayerB1|stingy_taking_PlayerB2|stingy_taking_PlayerB3|stingy_taking_PlayerB1|fair_taking_PlayerB3
2019-01-22 13:29:40,2019-01-22 13:43:01,IP Address,213.205.240.158,100,800,True,2019-01-22 13:43:01,R_2S0vZR5rqLllRyp,,,,,51.473907470703125,-0.0937957763671875,anonymous,EN,1017,2,£0.00,£0.05,100,0,100,0,100,0,100,0,100,0,100,0,100,0,73,0,88,0,75,0,100,0,100,0,100,0,100,0,48,0,55,0,55,0,57,0,51,0,50,0,61,0,,I want to take £0.05 and leave £0.05 for Player 2,I want to take £0.05 and leave £0.05 for Player 2,I want to take £0.05 and leave £0.05 for Player 2,I want to take £0.05 and leave £0.05 for Player 2,I want to take £0.05 and leave £0.05 for Player 2,I want to take £0.05 and leave £0.05 for Player 2,5 -Very confident that other player was real,5 - Exactly like this scenario,PlayerStingy,FL_628,stingy_taking_PlayerB2|fair_taking_PlayerB1|stingy_taking_PlayerB1|stingy_taking_PlayerB3|fair_taking_PlayerB3|fair_taking_PlayerB2,,
2019-01-24 13:25:44,2019-01-24 13:32:55,IP Address,213.205.240.197,100,430,True,2019-01-24 13:32:55,R_1d9RGt4NShVR8qM,,,,,51.473907470703125,-0.0937957763671875,anonymous,EN,1016,2,£0.00,£0.05,100,47,100,51,100,61,98,17,81,30,74,25,79,27,76,32,74,30,68,31,100,34,78,18,100,37,70,35,70,9,75,20,75,21,77,18,75,27,73,26,76,25,,I want to take £0.10 and leave £0.00 for Player 2,I want to take £0.10 and leave £0.00 for Player 2,I want to take £0.10 and leave £0.00 for Player 2,I want to take £0.10 and leave £0.00 for Player 2,I want to take £0.10 and leave £0.00 for Player 2,I want to take £0.10 and leave £0.00 for Player 2,2,5 - Exactly like this scenario,PlayerFair,FL_630,,,fair_taking_PlayerB3|stingy_taking_PlayerB2|fair_taking_PlayerB1|fair_taking_PlayerB2|stingy_taking_PlayerB3|stingy_taking_PlayerB1
2019-01-28 12:39:38,2019-01-28 12:52:03,IP Address,213.205.240.220,100,744,True,2019-01-28 12:52:03,R_10AinOmdLCyvGcs,,,,,51.5164031982421875,-0.0930023193359375,anonymous,EN,1017,3,£0.00,£0.05,97,0,89,0,96,0,100,0,100,0,100,0,100,0,52,0,49,0,50,0,76,0,64,0,79,0,66,0,30,0,37,0,40,0,30,0,39,0,35,0,42,0,,I want to take £0.05 and leave £0.05 for Player 2,I want to take £0.05 and leave £0.05 for Player 2,I want to take £0.05 and leave £0.05 for Player 2,I want to take £0.05 and leave £0.05 for Player 2,I want to take £0.05 and leave £0.05 for Player 2,I want to take £0.05 and leave £0.05 for Player 2,5 -Very confident that other player was real,5 - Exactly like this scenario,PlayerStingy,FL_628,stingy_taking_PlayerB3|fair_taking_PlayerB1|fair_taking_PlayerB3|stingy_taking_PlayerB2|stingy_taking_PlayerB1|fair_taking_PlayerB2,,
2019-01-31 13:28:27,2019-01-31 13:34:35,IP Address,213.205.194.253,100,368,True,2019-01-31 13:34:36,R_1DBH4e26tZ7nxRK,,,,,50.9145965576171875,-1.35870361328125,anonymous,EN,1016,3,£0.00,£0.05,100,0,100,8,98,4,98,9,97,7,94,11,100,6,68,2,74,0,76,12,88,0,87,10,79,9,77,8,47,10,64,6,63,9,61,25,66,18,67,19,67,8,,I want to take £0.10 and leave £0.00 for Player 2,I want to take £0.10 and leave £0.00 for Player 2,I want to take £0.10 and leave £0.00 for Player 2,I want to take £0.10 and leave £0.00 for Player 2,I want to take £0.10 and leave £0.00 for Player 2,I want to take £0.10 and leave £0.00 for Player 2,2,5 - Exactly like this scenario,PlayerFair,FL_630,,,stingy_taking_PlayerB2|fair_taking_PlayerB1|fair_taking_PlayerB2|stingy_taking_PlayerB1|fair_taking_PlayerB3|stingy_taking_PlayerB3
2019-02-25 14:26:05,2019-02-25 14:46:06,IP Address,213.205.240.184,100,1201,True,2019-02-25 14:46:07,R_PB4NdgyVtbPylHz,,,,,51.516693115234375,0.0666961669921875,anonymous,EN,1014,1,£0.00,£0.05,100,28,100,28,100,24,100,20,100,23,100,21,96,8,44,2,42,15,40,14,81,19,96,31,86,23,44,2,31,5,33,5,30,4,38,4,37,6,40,4,37,3,,I want to take £0.05 and leave £0.05 for Player 2,I want to take £0.05 and leave £0.05 for Player 2,I want to take £0.10 and leave £0.00 for Player 2,I want to take £0.05 and leave £0.05 for Player 2,I want to take £0.05 and leave £0.05 for Player 2,I want to take £0.10 and leave £0.00 for Player 2,4,2,PlayerStingy,FL_628,fair_taking_PlayerB1|stingy_taking_PlayerB3|stingy_taking_PlayerB2|fair_taking_PlayerB2|fair_taking_PlayerB3|stingy_taking_PlayerB1,,
2019-02-26 13:58:55,2019-02-26 14:10:36,IP Address,213.205.240.205,100,701,True,2019-02-26 14:10:37,R_3lnuUG0AaYPhlL3,,,,,51.516693115234375,0.0666961669921875,anonymous,EN,1019,1,£0.00,£0.05,76,79,74,78,81,82,77,79,75,79,77,79,76,81,39,40,44,45,41,40,80,81,81,80,74,73,38,41,28,43,56,57,55,60,34,39,43,44,41,43,36,38,,I want to take £0.05 and leave £0.05 for Player 2,I want to take £0.05 and leave £0.05 for Player 2,I want to take £0.05 and leave £0.05 for Player 2,I want to take £0.05 and leave £0.05 for Player 2,I want to take £0.05 and leave £0.05 for Player 2,I want to take £0.05 and leave £0.05 for Player 2,4,1 - Nothing like this scenario,PlayerFair,FL_630,,,stingy_taking_PlayerB1|fair_taking_PlayerB1|stingy_taking_PlayerB2|stingy_taking_PlayerB3|fair_taking_PlayerB3|fair_taking_PlayerB2
2019-02-28 13:44:09,2019-02-28 13:55:30,IP Address,213.205.198.194,100,680,True,2019-02-28 13:55:35,R_1dN9t7DcIq0Bvg1,,,,,51.5238037109375,-3.0890960693359375,anonymous,EN,1010,1,£0.00,£0.05,100,40,100,47,100,43,100,44,100,43,100,44,100,44,84,62,72,56,83,53,100,45,100,44,100,48,73,63,71,36,34,67,59,39,69,41,35,66,34,69,66,61,,I want to take £0.10 and leave £0.00 for Player 2,I want to take £0.05 and leave £0.05 for Player 2,I want to take £0.10 and leave £0.00 for Player 2,I want to take £0.10 and leave £0.00 for Player 2,I want to take £0.10 and leave £0.00 for Player 2,I want to take £0.10 and leave £0.00 for Player 2,4,1 - Nothing like this scenario,PlayerFair,FL_630,,,fair_taking_PlayerB3|stingy_taking_PlayerB2|stingy_taking_PlayerB3|stingy_taking_PlayerB1|fair_taking_PlayerB1|fair_taking_PlayerB2
2019-03-04 14:00:18,2019-03-04 14:12:40,IP Address,213.205.240.118,100,741,True,2019-03-04 14:12:40,R_YRcVhlQwEVA72uJ,,,,,51.5453033447265625,0.1356048583984375,anonymous,EN,1014,2,£0.00,£0.05,96,18,86,39,89,52,83,55,96,53,100,65,85,45,100,6,73,23,84,33,100,4,96,41,100,36,91,24,71,35,78,33,67,27,68,28,65,31,89,28,61,29,,I want to take £0.10 and leave £0.00 for Player 2,I want to take £0.10 and leave £0.00 for Player 2,I want to take £0.05 and leave £0.05 for Player 2,I want to take £0.10 and leave £0.00 for Player 2,I want to take £0.10 and leave £0.00 for Player 2,I want to take £0.05 and leave £0.05 for Player 2,2,5 - Exactly like this scenario,PlayerEqual,FL_631,,stingy_taking_PlayerB2|fair_taking_PlayerB1|stingy_taking_PlayerB1|fair_taking_PlayerB3|fair_taking_PlayerB2|stingy_taking_PlayerB3,
2019-03-05 13:29:50,2019-03-05 13:35:35,IP Address,213.205.240.168,100,344,True,2019-03-05 13:35:36,R_1rk1JohOjFMEVdv,,,,,51.5453033447265625,0.1356048583984375,anonymous,EN,1019,2,£0.00,£0.05,55,55,54,55,56,56,54,56,55,57,56,57,55,56,58,57,55,56,58,57,55,55,54,54,57,57,57,57,41,41,42,44,47,51,59,61,58,61,56,56,58,58,,I want to take £0.10 and leave £0.00 for Player 2,I want to take £0.10 and leave £0.00 for Player 2,I want to take £0.10 and leave £0.00 for Player 2,I want to take £0.10 and leave £0.00 for Player 2,I want to take £0.10 and leave £0.00 for Player 2,I want to take £0.05 and leave £0.05 for Player 2,3,3,PlayerEqual,FL_631,,fair_taking_PlayerB1|stingy_taking_PlayerB2|stingy_taking_PlayerB1|fair_taking_PlayerB2|stingy_taking_PlayerB3|fair_taking_PlayerB3,
2019-03-05 14:32:33,2019-03-05 14:41:37,IP Address,213.205.240.168,100,544,True,2019-03-05 14:41:38,R_24cls146hqbU7kF,,,,,51.5453033447265625,0.1356048583984375,anonymous,EN,1020,1,£0.00,£0.05,100,31,100,19,100,25,100,21,100,18,100,19,100,17,81,8,85,8,65,4,100,16,100,28,100,15,93,24,87,8,94,6,85,8,91,10,94,8,94,6,92,10,,I want to take £0.05 and leave £0.05 for Player 2,I want to take £0.10 and leave £0.00 for Player 2,I want to take £0.05 and leave £0.05 for Player 2,I want to take £0.10 and leave £0.00 for Player 2,I want to take £0.10 and leave £0.00 for Player 2,I want to take £0.05 and leave £0.05 for Player 2,4,1 - Nothing like this scenario,PlayerStingy,FL_628,stingy_taking_PlayerB3|stingy_taking_PlayerB1|fair_taking_PlayerB3|fair_taking_PlayerB1|stingy_taking_PlayerB2|fair_taking_PlayerB2,,
2019-03-11 13:49:20,2019-03-11 14:04:35,IP Address,213.205.240.146,100,914,True,2019-03-11 14:04:35,R_2pQzLTf5VBUGoBd,,,,,51.527801513671875,0.0260009765625,anonymous,EN,1014,3,£0.00,£0.05,82,21,85,15,84,15,86,17,85,61,76,59,78,39,31,28,21,20,80,23,87,22,78,28,75,82,76,6,32,5,38,41,84,14,29,21,30,28,31,25,69,27,,I want to take £0.10 and leave £0.00 for Player 2,I want to take £0.10 and leave £0.00 for Player 2,I want to take £0.05 and leave £0.05 for Player 2,I want to take £0.10 and leave £0.00 for Player 2,,I want to take £0.05 and leave £0.05 for Player 2,2,5 - Exactly like this scenario,PlayerStingy,FL_628,fair_taking_PlayerB1|stingy_taking_PlayerB3|fair_taking_PlayerB2|stingy_taking_PlayerB1|fair_taking_PlayerB3|stingy_taking_PlayerB2,,
2019-03-12 14:03:36,2019-03-12 14:09:15,IP Address,213.205.240.137,100,338,True,2019-03-12 14:09:16,R_2Bht1jU2E1BJC54,,,,,51.527801513671875,0.0260009765625,anonymous,EN,1019,3,£0.00,£0.05,100,72,81,79,73,68,69,73,95,89,90,89,96,84,95,84,78,51,61,52,96,82,92,77,92,86,86,68,63,49,62,59,59,59,56,38,62,28,67,33,66,36,,I want to take £0.05 and leave £0.05 for Player 2,I want to take £0.05 and leave £0.05 for Player 2,I want to take £0.05 and leave £0.05 for Player 2,I want to take £0.05 and leave £0.05 for Player 2,I want to take £0.05 and leave £0.05 for Player 2,I want to take £0.05 and leave £0.05 for Player 2,4,4,PlayerStingy,FL_628,stingy_taking_PlayerB1|fair_taking_PlayerB1|stingy_taking_PlayerB3|fair_taking_PlayerB2|stingy_taking_PlayerB2|fair_taking_PlayerB3,,
2019-03-14 12:33:21,2019-03-14 12:38:02,IP Address,213.205.240.190,100,280,True,2019-03-14 12:38:03,R_1mwm46GerOZPgaK,,,,,51.527801513671875,0.0260009765625,anonymous,EN,1020,2,£0.00,£0.05,70,57,68,53,63,41,76,56,75,54,79,54,83,58,62,51,55,35,58,38,76,59,61,42,72,56,65,47,41,15,56,29,61,20,64,19,63,14,63,14,56,15,,I want to take £0.10 and leave £0.00 for Player 2,I want to take £0.05 and leave £0.05 for Player 2,I want to take £0.10 and leave £0.00 for Player 2,I want to take £0.10 and leave £0.00 for Player 2,I want to take £0.10 and leave £0.00 for Player 2,I want to take £0.05 and leave £0.05 for Player 2,4,3,PlayerFair,FL_630,,,stingy_taking_PlayerB2|fair_taking_PlayerB3|fair_taking_PlayerB2|stingy_taking_PlayerB3|stingy_taking_PlayerB1|fair_taking_PlayerB1
2019-03-21 12:29:14,2019-03-21 12:34:45,IP Address,213.205.240.252,100,330,True,2019-03-21 12:34:46,R_3JEzNdY3zFqYrNT,,,,,51.533294677734375,0.0832977294921875,anonymous,EN,1020,3,£0.00,£0.05,39,33,44,35,53,45,56,44,61,40,60,53,57,52,35,27,33,26,39,35,38,32,38,29,42,37,41,31,39,24,32,17,25,21,19,10,29,14,28,15,26,16,,I want to take £0.05 and leave £0.05 for Player 2,I want to take £0.05 and leave £0.05 for Player 2,I want to take £0.10 and leave £0.00 for Player 2,I want to take £0.10 and leave £0.00 for Player 2,I want to take £0.05 and leave £0.05 for Player 2,I want to take £0.10 and leave £0.00 for Player 2,5 -Very confident that other player was real,4,PlayerFair,FL_630,,,stingy_taking_PlayerB3|fair_taking_PlayerB3|fair_taking_PlayerB2|stingy_taking_PlayerB2|fair_taking_PlayerB1|stingy_taking_PlayerB1
2019-04-02 13:00:23,2019-04-02 13:09:56,IP Address,213.205.240.158,100,572,True,2019-04-02 13:09:56,R_1LNE8x3t9UejX1u,,,,,51.5142059326171875,-0.0930938720703125,anonymous,EN,1018,1,£0.00,£0.05,100,100,100,100,100,100,100,100,100,100,100,100,100,100,0,0,1,0,0,0,100,100,100,100,0,0,72,74,0,0,0,0,0,0,0,1,0,0,0,0,0,0,,I want to take £0.05 and leave £0.05 for Player 2,I want to take £0.05 and leave £0.05 for Player 2,I want to take £0.05 and leave £0.05 for Player 2,I want to take £0.05 and leave £0.05 for Player 2,I want to take £0.05 and leave £0.05 for Player 2,I want to take £0.05 and leave £0.05 for Player 2,5 -Very confident that other player was real,1 - Nothing like this scenario,PlayerFair,FL_630,,,fair_taking_PlayerB3|stingy_taking_PlayerB3|stingy_taking_PlayerB1|fair_taking_PlayerB2|fair_taking_PlayerB1|stingy_taking_PlayerB2
2019-04-02 13:27:52,2019-04-02 13:37:26,IP Address,213.205.240.158,100,573,True,2019-04-02 13:37:26,R_rfH148uussUqnjX,,,,,51.5142059326171875,-0.0930938720703125,anonymous,EN,1021,1,£0.00,£0.05,96,4,93,6,95,5,96,4,95,3,98,4,100,0,68,0,64,9,61,29,100,0,80,16,94,12,69,18,67,26,67,0,77,0,89,1,84,5,91,6,66,8,,I want to take £0.05 and leave £0.05 for Player 2,I want to take £0.10 and leave £0.00 for Player 2,I want to take £0.05 and leave £0.05 for Player 2,I want to take £0.05 and leave £0.05 for Player 2,I want to take £0.05 and leave £0.05 for Player 2,I want to take £0.05 and leave £0.05 for Player 2,4,3,PlayerStingy,FL_628,fair_taking_PlayerB3|fair_taking_PlayerB2|stingy_taking_PlayerB1|stingy_taking_PlayerB2|stingy_taking_PlayerB3|fair_taking_PlayerB1,,
2019-04-08 15:27:48,2019-04-08 15:33:57,IP Address,213.205.240.194,100,368,True,2019-04-08 15:33:58,R_2QM5DajrMskDbXs,,,,,51.533294677734375,0.0832977294921875,anonymous,EN,1021,2,£0.10,£0.05,100,0,100,0,100,0,100,3,100,1,100,3,100,0,76,0,78,0,84,0,100,0,100,0,100,0,75,0,78,2,79,0,79,5,74,2,79,3,85,1,80,0,,I want to take £0.05 and leave £0.05 for Player 2,I want to take £0.05 and leave £0.05 for Player 2,I want to take £0.10 and leave £0.00 for Player 2,I want to take £0.05 and leave £0.05 for Player 2,I want to take £0.05 and leave £0.05 for Player 2,I want to take £0.05 and leave £0.05 for Player 2,5 -Very confident that other player was real,5 - Exactly like this scenario,PlayerFair,FL_630,,,stingy_taking_PlayerB1|fair_taking_PlayerB1|stingy_taking_PlayerB3|stingy_taking_PlayerB2|fair_taking_PlayerB3|fair_taking_PlayerB2
2019-04-09 13:11:29,2019-04-09 13:17:39,IP Address,213.205.240.132,100,369,True,2019-04-09 13:17:39,R_10AwtiLwLE7wYnS,,,,,51.533294677734375,0.0832977294921875,anonymous,EN,1018,2,£0.00,£0.05,100,100,100,100,98,100,100,100,100,100,100,100,100,100,0,0,0,0,0,1,100,100,100,99,100,100,76,77,0,0,0,0,0,0,0,0,0,0,0,0,0,0,,I want to take £0.05 and leave £0.05 for Player 2,I want to take £0.05 and leave £0.05 for Player 2,I want to take £0.05 and leave £0.05 for Player 2,I want to take £0.05 and leave £0.05 for Player 2,I want to take £0.05 and leave £0.05 for Player 2,I want to take £0.05 and leave £0.05 for Player 2,5 -Very confident that other player was real,1 - Nothing like this scenario,PlayerFair,FL_630,,,fair_taking_PlayerB3|fair_taking_PlayerB1|fair_taking_PlayerB2|stingy_taking_PlayerB1|stingy_taking_PlayerB2|stingy_taking_PlayerB3
2019-04-16 12:49:46,2019-04-16 12:54:50,IP Address,213.205.240.142,100,304,True,2019-04-16 12:54:51,R_Bs8fXYcpRd57Qm5,,,,,51.5500030517578125,0.1667022705078125,anonymous,EN,1018,3,£0.00,£0.05,100,100,100,99,100,100,100,100,100,100,100,100,100,100,0,0,0,0,0,0,99,100,100,100,100,100,75,77,0,0,0,0,0,0,0,0,0,0,0,1,0,0,,I want to take £0.05 and leave £0.05 for Player 2,I want to take £0.05 and leave £0.05 for Player 2,I want to take £0.05 and leave £0.05 for Player 2,I want to take £0.05 and leave £0.05 for Player 2,I want to take £0.05 and leave £0.05 for Player 2,I want to take £0.05 and leave £0.05 for Player 2,5 -Very confident that other player was real,1 - Nothing like this scenario,PlayerEqual,FL_631,,stingy_taking_PlayerB1|fair_taking_PlayerB3|stingy_taking_PlayerB2|fair_taking_PlayerB1|fair_taking_PlayerB2|stingy_taking_PlayerB3,
2019-04-16 13:27:34,2019-04-16 13:35:17,IP Address,213.205.240.142,100,463,True,2019-04-16 13:35:17,R_PuFtOng8owf9vlD,,,,,51.5500030517578125,0.1667022705078125,anonymous,EN,1021,3,£0.00,£0.05,94,8,96,1,95,3,94,5,95,3,97,0,97,2,66,0,26,25,33,19,95,6,100,0,95,12,60,26,27,25,31,28,22,15,27,2,25,0,28,1,8,2,,I want to take £0.10 and leave £0.00 for Player 2,I want to take £0.10 and leave £0.00 for Player 2,I want to take £0.05 and leave £0.05 for Player 2,I want to take £0.05 and leave £0.05 for Player 2,I want to take £0.05 and leave £0.05 for Player 2,I want to take £0.05 and leave £0.05 for Player 2,3,3,PlayerEqual,FL_631,,stingy_taking_PlayerB1|fair_taking_PlayerB1|stingy_taking_PlayerB2|fair_taking_PlayerB2|stingy_taking_PlayerB3|fair_taking_PlayerB3,
2019-04-16 15:31:39,2019-04-16 15:45:21,IP Address,213.205.240.186,100,821,True,2019-04-16 15:45:21,R_AoBkMBKxkOHDidX,,,,,51.5500030517578125,0.1667022705078125,anonymous,EN,1022,1,£0.05,£0.05,62,61,54,54,52,52,52,54,53,54,57,58,57,58,61,72,58,59,59,75,69,84,60,70,60,68,61,64,50,51,50,51,55,45,52,48,52,48,51,45,52,46,,I want to take £0.10 and leave £0.00 for Player 2,I want to take £0.10 and leave £0.00 for Player 2,I want to take £0.10 and leave £0.00 for Player 2,I want to take £0.05 and leave £0.05 for Player 2,I want to take £0.05 and leave £0.05 for Player 2,I want to take £0.05 and leave £0.05 for Player 2,2,1 - Nothing like this scenario,PlayerEqual,FL_631,,fair_taking_PlayerB3|stingy_taking_PlayerB1|fair_taking_PlayerB1|stingy_taking_PlayerB2|stingy_taking_PlayerB3|fair_taking_PlayerB2,
2019-04-23 13:28:04,2019-04-23 13:39:17,IP Address,213.205.240.151,100,673,True,2019-04-23 13:39:18,R_9Xn0dpoLsugxqdr,,,,,51.5666961669921875,-0.016693115234375,anonymous,EN,1022,2,£0.10,£0.05,62,44,63,39,63,41,59,40,57,42,58,40,61,37,55,41,59,44,58,36,65,54,63,52,56,40,59,54,39,20,39,28,43,33,44,36,42,33,47,36,46,31,,I want to take £0.10 and leave £0.00 for Player 2,I want to take £0.10 and leave £0.00 for Player 2,I want to take £0.05 and leave £0.05 for Player 2,I want to take £0.05 and leave £0.05 for Player 2,I want to take £0.10 and leave £0.00 for Player 2,I want to take £0.10 and leave £0.00 for Player 2,2,1 - Nothing like this scenario,PlayerFair,FL_630,,,fair_taking_PlayerB3|stingy_taking_PlayerB3|fair_taking_PlayerB1|stingy_taking_PlayerB1|stingy_taking_PlayerB2|fair_taking_PlayerB2
2019-04-26 12:57:54,2019-04-26 13:10:42,IP Address,213.205.240.238,100,768,True,2019-04-26 13:10:42,R_820s2SSXWbXCqEF,,,,,51.5666961669921875,-0.016693115234375,anonymous,EN,1026,1,£0.00,£0.05,61,35,76,41,93,47,100,44,100,48,100,42,100,49,0,0,76,23,0,0,100,47,100,45,100,24,60,11,0,26,0,20,0,13,0,12,0,12,0,12,0,8,,I want to take £0.10 and leave £0.00 for Player 2,I want to take £0.10 and leave £0.00 for Player 2,I want to take £0.10 and leave £0.00 for Player 2,I want to take £0.05 and leave £0.05 for Player 2,I want to take £0.05 and leave £0.05 for Player 2,I want to take £0.05 and leave £0.05 for Player 2,4,3,PlayerFair,FL_630,,,stingy_taking_PlayerB2|stingy_taking_PlayerB1|fair_taking_PlayerB2|stingy_taking_PlayerB3|fair_taking_PlayerB3|fair_taking_PlayerB1
2019-04-26 14:30:06,2019-04-26 14:39:43,IP Address,213.205.240.238,100,577,True,2019-04-26 14:39:44,R_3FV8MbLEGrCmnMB,,,,,51.5666961669921875,-0.016693115234375,anonymous,EN,1023,1,£0.00,£0.05,100,27,100,31,100,39,100,49,100,19,100,11,100,15,62,0,62,4,70,0,94,5,100,22,100,45,72,24,40,0,33,0,24,0,22,0,12,0,4,0,21,0,,I want to take £0.05 and leave £0.05 for Player 2,I want to take £0.05 and leave £0.05 for Player 2,I want to take £0.05 and leave £0.05 for Player 2,I want to take £0.05 and leave £0.05 for Player 2,I want to take £0.05 and leave £0.05 for Player 2,I want to take £0.05 and leave £0.05 for Player 2,3,2,PlayerEqual,FL_631,,stingy_taking_PlayerB1|fair_taking_PlayerB1|stingy_taking_PlayerB2|fair_taking_PlayerB3|fair_taking_PlayerB2|stingy_taking_PlayerB3,
2019-04-30 12:53:49,2019-04-30 13:08:12,IP Address,213.205.240.198,100,862,True,2019-04-30 13:08:12,R_0wHzhkkNqYShmMh,,,,,51.527801513671875,0.0260009765625,anonymous,EN,1022,3,£0.00,£0.05,58,47,59,45,61,44,63,44,60,47,59,44,63,46,51,39,52,25,53,45,60,46,61,48,61,45,57,43,50,36,52,44,54,45,52,45,53,45,52,44,54,44,,I want to take £0.10 and leave £0.00 for Player 2,I want to take £0.10 and leave £0.00 for Player 2,I want to take £0.10 and leave £0.00 for Player 2,I want to take £0.05 and leave £0.05 for Player 2,I want to take £0.05 and leave £0.05 for Player 2,I want to take £0.10 and leave £0.00 for Player 2,1 - Very skeptical that other player was real,4,PlayerFair,FL_630,,,stingy_taking_PlayerB1|stingy_taking_PlayerB3|fair_taking_PlayerB1|fair_taking_PlayerB2|stingy_taking_PlayerB2|fair_taking_PlayerB3
2019-04-30 14:47:03,2019-04-30 14:58:30,IP Address,213.205.240.198,100,686,True,2019-04-30 14:58:30,R_1lrFZdLZQgXRazG,,,,,51.527801513671875,0.0260009765625,anonymous,EN,1024,1,£0.10,£0.00,100,100,100,100,100,100,100,100,100,100,100,100,100,100,100,0,100,0,100,0,100,100,100,100,100,100,63,40,100,0,100,0,99,0,100,0,100,0,100,0,100,0,,I want to take £0.05 and leave £0.05 for Player 2,I want to take £0.05 and leave £0.05 for Player 2,I want to take £0.05 and leave £0.05 for Player 2,I want to take £0.05 and leave £0.05 for Player 2,I want to take £0.05 and leave £0.05 for Player 2,I want to take £0.05 and leave £0.05 for Player 2,5 -Very confident that other player was real,1 - Nothing like this scenario,PlayerEqual,FL_631,,fair_taking_PlayerB1|stingy_taking_PlayerB1|fair_taking_PlayerB3|fair_taking_PlayerB2|stingy_taking_PlayerB3|stingy_taking_PlayerB2,
2019-05-02 14:28:59,2019-05-02 14:36:03,IP Address,213.205.198.138,100,423,True,2019-05-02 14:36:03,R_vofnXPlWOUvivVT,,,,,51.6381072998046875,-2.346099853515625,anonymous,EN,1023,2,£0.10,£0.05,100,26,100,31,100,18,100,16,100,3,100,13,100,6,85,0,87,4,72,0,100,0,100,1,100,49,62,0,40,7,45,4,52,3,58,0,59,0,64,0,87,0,,I want to take £0.05 and leave £0.05 for Player 2,I want to take £0.05 and leave £0.05 for Player 2,I want to take £0.05 and leave £0.05 for Player 2,I want to take £0.05 and leave £0.05 for Player 2,I want to take £0.05 and leave £0.05 for Player 2,I want to take £0.05 and leave £0.05 for Player 2,2,2,PlayerFair,FL_630,,,stingy_taking_PlayerB3|fair_taking_PlayerB1|fair_taking_PlayerB3|fair_taking_PlayerB2|stingy_taking_PlayerB1|stingy_taking_PlayerB2
2019-05-03 12:58:21,2019-05-03 13:11:21,IP Address,213.205.240.170,100,779,True,2019-05-03 13:11:21,R_30ccjuyo18f5wsZ,,,,,51.527801513671875,0.0260009765625,anonymous,EN,1026,2,£0.00,£0.05,90,49,94,48,100,46,100,49,100,56,100,59,100,53,45,0,0,0,0,0,8,65,69,84,26,51,50,10,13,17,8,10,0,0,11,12,4,3,5,6,4,5,,I want to take £0.10 and leave £0.00 for Player 2,I want to take £0.10 and leave £0.00 for Player 2,I want to take £0.10 and leave £0.00 for Player 2,I want to take £0.10 and leave £0.00 for Player 2,I want to take £0.10 and leave £0.00 for Player 2,I want to take £0.10 and leave £0.00 for Player 2,4,4,PlayerEqual,FL_631,,stingy_taking_PlayerB3|stingy_taking_PlayerB1|fair_taking_PlayerB1|stingy_taking_PlayerB2|fair_taking_PlayerB3|fair_taking_PlayerB2,
2019-05-07 12:56:58,2019-05-07 13:11:13,IP Address,213.205.240.155,100,855,True,2019-05-07 13:11:14,R_aWbkVo54S0uv1AZ,,,,,51.5160980224609375,0.0583953857421875,anonymous,EN,1025,1,£0.00,£0.05,100,18,100,3,100,0,100,0,100,0,100,0,100,100,72,0,73,25,75,26,100,5,100,0,100,0,90,34,76,32,88,5,91,2,100,0,76,0,80,0,74,0,,I want to take £0.10 and leave £0.00 for Player 2,I want to take £0.05 and leave £0.05 for Player 2,I want to take £0.05 and leave £0.05 for Player 2,I want to take £0.05 and leave £0.05 for Player 2,I want to take £0.05 and leave £0.05 for Player 2,I want to take £0.05 and leave £0.05 for Player 2,2,2,PlayerEqual,FL_631,,stingy_taking_PlayerB3|fair_taking_PlayerB1|stingy_taking_PlayerB2|fair_taking_PlayerB2|fair_taking_PlayerB3|stingy_taking_PlayerB1,
2019-05-07 14:28:39,2019-05-07 14:36:48,IP Address,213.205.240.155,100,489,True,2019-05-07 14:36:49,R_umjqdWeGkN0X4dz,,,,,51.5160980224609375,0.0583953857421875,anonymous,EN,1024,2,£0.00,£0.05,100,100,100,100,100,100,100,100,100,100,100,100,100,100,79,0,74,0,75,0,100,100,100,100,100,100,75,24,74,0,80,0,78,0,82,0,80,0,81,0,84,0,,I want to take £0.05 and leave £0.05 for Player 2,I want to take £0.10 and leave £0.00 for Player 2,I want to take £0.10 and leave £0.00 for Player 2,I want to take £0.10 and leave £0.00 for Player 2,I want to take £0.10 and leave £0.00 for Player 2,I want to take £0.05 and leave £0.05 for Player 2,4,1 - Nothing like this scenario,PlayerEqual,FL_631,,stingy_taking_PlayerB2|stingy_taking_PlayerB3|stingy_taking_PlayerB1|fair_taking_PlayerB2|fair_taking_PlayerB3|fair_taking_PlayerB1,
2019-05-09 13:16:29,2019-05-09 13:23:43,IP Address,213.205.198.175,100,434,True,2019-05-09 13:23:43,R_2wv0wuEv6PotoVf,,,,,51.5099029541015625,-2.635406494140625,anonymous,EN,1026,3,£0.00,£0.05,74,76,88,50,100,60,100,64,100,61,100,64,100,59,79,19,66,3,82,7,87,69,80,70,89,39,80,48,0,0,0,0,0,0,0,0,0,0,0,0,0,0,,I want to take £0.05 and leave £0.05 for Player 2,I want to take £0.05 and leave £0.05 for Player 2,I want to take £0.05 and leave £0.05 for Player 2,I want to take £0.10 and leave £0.00 for Player 2,I want to take £0.10 and leave £0.00 for Player 2,I want to take £0.10 and leave £0.00 for Player 2,4,4,PlayerFair,FL_630,,,stingy_taking_PlayerB2|stingy_taking_PlayerB1|fair_taking_PlayerB1|fair_taking_PlayerB3|fair_taking_PlayerB2|stingy_taking_PlayerB3
2019-05-09 14:29:59,2019-05-09 14:34:46,IP Address,213.205.198.175,100,286,True,2019-05-09 14:34:46,R_6VFTAkg7jlzCB4R,,,,,51.5099029541015625,-2.635406494140625,anonymous,EN,1023,3,£0.10,£0.05,100,1,98,3,100,2,98,3,97,2,97,2,97,22,79,10,58,0,73,0,79,9,95,6,71,7,70,6,38,0,56,0,72,0,68,19,64,0,63,0,39,0,,I want to take £0.05 and leave £0.05 for Player 2,I want to take £0.05 and leave £0.05 for Player 2,I want to take £0.05 and leave £0.05 for Player 2,I want to take £0.05 and leave £0.05 for Player 2,I want to take £0.05 and leave £0.05 for Player 2,I want to take £0.05 and leave £0.05 for Player 2,2,2,PlayerStingy,FL_628,fair_taking_PlayerB3|fair_taking_PlayerB2|stingy_taking_PlayerB1|fair_taking_PlayerB1|stingy_taking_PlayerB2|stingy_taking_PlayerB3,,
2019-05-13 12:58:09,2019-05-13 13:11:12,IP Address,213.205.240.251,100,782,True,2019-05-13 13:11:12,R_1Ns6QNQloS7w3oD,,,,,51.533294677734375,0.0832977294921875,anonymous,EN,1025,2,£0.00,£0.05,86,42,93,36,94,43,87,32,89,40,95,40,93,38,67,35,52,42,68,40,76,40,81,65,82,62,72,60,64,35,38,38,40,40,44,42,44,39,43,40,42,38,,I want to take £0.05 and leave £0.05 for Player 2,I want to take £0.05 and leave £0.05 for Player 2,I want to take £0.05 and leave £0.05 for Player 2,I want to take £0.05 and leave £0.05 for Player 2,I want to take £0.05 and leave £0.05 for Player 2,I want to take £0.05 and leave £0.05 for Player 2,1 - Very skeptical that other player was real,1 - Nothing like this scenario,PlayerEqual,FL_631,,stingy_taking_PlayerB1|fair_taking_PlayerB2|stingy_taking_PlayerB3|fair_taking_PlayerB3|fair_taking_PlayerB1|stingy_taking_PlayerB2,
2019-05-14 12:56:08,2019-05-14 13:07:06,IP Address,213.205.240.219,100,657,True,2019-05-14 13:07:06,R_1lfy0GIUPWEUglg,,,,,51.533294677734375,0.0832977294921875,anonymous,EN,1027,1,£0.00,£0.05,92,17,89,18,85,16,89,15,95,5,95,7,95,10,50,51,50,51,88,15,87,12,87,24,90,11,96,15,48,24,76,27,71,23,71,18,99,0,70,22,78,19,,I want to take £0.05 and leave £0.05 for Player 2,I want to take £0.05 and leave £0.05 for Player 2,I want to take £0.05 and leave £0.05 for Player 2,I want to take £0.05 and leave £0.05 for Player 2,I want to take £0.05 and leave £0.05 for Player 2,I want to take £0.10 and leave £0.00 for Player 2,3,2,PlayerFair,FL_630,,,stingy_taking_PlayerB2|stingy_taking_PlayerB3|fair_taking_PlayerB3|fair_taking_PlayerB1|stingy_taking_PlayerB1|fair_taking_PlayerB2
2019-05-14 14:29:12,2019-05-14 14:37:45,IP Address,213.205.240.219,100,513,True,2019-05-14 14:37:46,R_1dM1cG5vl1Jdo84,,,,,51.533294677734375,0.0832977294921875,anonymous,EN,1024,3,£0.00,£0.05,100,100,100,100,100,100,100,100,100,100,100,100,100,100,51,19,77,15,80,15,100,100,100,100,74,14,84,17,81,14,81,16,82,15,86,17,85,15,79,18,81,14,,I want to take £0.05 and leave £0.05 for Player 2,I want to take £0.05 and leave £0.05 for Player 2,I want to take £0.10 and leave £0.00 for Player 2,I want to take £0.10 and leave £0.00 for Player 2,I want to take £0.10 and leave £0.00 for Player 2,I want to take £0.05 and leave £0.05 for Player 2,1 - Very skeptical that other player was real,1 - Nothing like this scenario,PlayerStingy,FL_628,fair_taking_PlayerB1|stingy_taking_PlayerB3|fair_taking_PlayerB3|stingy_taking_PlayerB1|stingy_taking_PlayerB2|fair_taking_PlayerB2,,
2019-05-21 13:00:31,2019-05-21 13:08:16,IP Address,213.205.240.174,100,464,True,2019-05-21 13:08:16,R_1qePeZt1EuOTqM3,,,,,51.516693115234375,0.0666961669921875,anonymous,EN,1027,2,£0.00,£0.05,82,82,81,73,82,79,79,77,81,78,81,81,84,70,50,51,48,49,50,49,93,91,84,82,87,86,74,51,50,50,50,51,48,47,50,50,50,51,50,49,41,44,,I want to take £0.05 and leave £0.05 for Player 2,I want to take £0.05 and leave £0.05 for Player 2,I want to take £0.10 and leave £0.00 for Player 2,I want to take £0.10 and leave £0.00 for Player 2,I want to take £0.05 and leave £0.05 for Player 2,I want to take £0.05 and leave £0.05 for Player 2,4,1 - Nothing like this scenario,PlayerEqual,FL_631,,fair_taking_PlayerB2|stingy_taking_PlayerB2|fair_taking_PlayerB1|stingy_taking_PlayerB3|fair_taking_PlayerB3|stingy_taking_PlayerB1,
2019-05-28 12:56:58,2019-05-28 13:03:38,IP Address,213.205.240.221,100,399,True,2019-05-28 13:03:38,R_25FRASInS3gz8nh,,,,,51.575103759765625,0.1858062744140625,anonymous,EN,1027,3,£0.00,£0.05,84,81,86,87,84,83,87,86,84,86,84,84,81,83,50,51,48,51,50,51,80,80,76,78,81,83,63,62,47,51,50,51,50,51,50,51,50,51,50,51,50,51,,I want to take £0.05 and leave £0.05 for Player 2,I want to take £0.05 and leave £0.05 for Player 2,I want to take £0.05 and leave £0.05 for Player 2,I want to take £0.05 and leave £0.05 for Player 2,I want to take £0.05 and leave £0.05 for Player 2,I want to take £0.05 and leave £0.05 for Player 2,4,5 - Exactly like this scenario,PlayerEqual,FL_631,,stingy_taking_PlayerB1|stingy_taking_PlayerB2|fair_taking_PlayerB3|fair_taking_PlayerB2|stingy_taking_PlayerB3|fair_taking_PlayerB1,
2019-06-03 13:14:26,2019-06-03 13:27:06,IP Address,213.205.240.231,100,759,True,2019-06-03 13:27:06,R_1dv4soMXQUKlgM2,,,,,51.564605712890625,0.0897979736328125,anonymous,EN,1031,1,£0.05,£0.05,0,0,0,0,0,1,0,1,0,0,0,0,0,1,1,1,0,1,0,1,0,1,0,0,0,0,1,1,100,100,100,100,100,100,100,100,100,100,100,100,100,100,,I want to take £0.05 and leave £0.05 for Player 2,I want to take £0.05 and leave £0.05 for Player 2,I want to take £0.05 and leave £0.05 for Player 2,I want to take £0.05 and leave £0.05 for Player 2,I want to take £0.05 and leave £0.05 for Player 2,I want to take £0.05 and leave £0.05 for Player 2,5 -Very confident that other player was real,1 - Nothing like this scenario,PlayerFair,FL_630,,,stingy_taking_PlayerB1|stingy_taking_PlayerB2|stingy_taking_PlayerB3|fair_taking_PlayerB3|fair_taking_PlayerB1|fair_taking_PlayerB2
2019-06-10 13:04:09,2019-06-10 13:11:45,IP Address,213.205.240.165,100,455,True,2019-06-10 13:11:46,R_3fBpvTp3Lq6aD9i,,,,,51.524505615234375,-0.0254974365234375,anonymous,EN,1031,2,£0.10,£0.05,17,17,15,20,18,15,25,24,26,23,14,12,24,19,20,23,21,24,25,24,16,20,21,21,20,22,16,18,19,20,20,16,19,14,15,14,13,14,15,15,11,13,,I want to take £0.10 and leave £0.00 for Player 2,I want to take £0.10 and leave £0.00 for Player 2,I want to take £0.10 and leave £0.00 for Player 2,I want to take £0.10 and leave £0.00 for Player 2,I want to take £0.10 and leave £0.00 for Player 2,I want to take £0.10 and leave £0.00 for Player 2,2,4,PlayerStingy,FL_628,stingy_taking_PlayerB3|fair_taking_PlayerB2|stingy_taking_PlayerB2|stingy_taking_PlayerB1|fair_taking_PlayerB3|fair_taking_PlayerB1,,
2019-06-10 13:39:48,2019-06-10 13:51:12,IP Address,213.205.240.165,100,683,True,2019-06-10 13:51:12,R_cBVe3vOoBuQubyF,,,,,51.524505615234375,-0.0254974365234375,anonymous,EN,1034,1,£0.00,£0.05,100,0,100,0,100,0,100,0,100,0,100,0,100,0,83,0,82,0,84,0,81,0,82,0,100,0,77,0,84,0,86,0,86,0,85,0,88,0,88,0,84,0,,I want to take £0.10 and leave £0.00 for Player 2,I want to take £0.10 and leave £0.00 for Player 2,I want to take £0.10 and leave £0.00 for Player 2,I want to take £0.10 and leave £0.00 for Player 2,I want to take £0.10 and leave £0.00 for Player 2,I want to take £0.10 and leave £0.00 for Player 2,5 -Very confident that other player was real,1 - Nothing like this scenario,PlayerFair,FL_630,,,fair_taking_PlayerB1|stingy_taking_PlayerB3|fair_taking_PlayerB3|fair_taking_PlayerB2|stingy_taking_PlayerB2|stingy_taking_PlayerB1
2019-06-14 13:01:00,2019-06-14 13:18:06,IP Address,213.205.240.227,100,1026,True,2019-06-14 13:18:06,R_20TEuIUrnHZLEQp,,,,,51.524505615234375,-0.0254974365234375,anonymous,EN,1032,1,£0.00,£0.05,24,78,58,53,59,59,58,57,58,57,63,59,,,57,57,58,46,43,43,56,58,66,66,62,61,67,60,33,40,42,60,43,55,40,54,39,57,40,57,44,59,,I want to take £0.10 and leave £0.00 for Player 2,I want to take £0.10 and leave £0.00 for Player 2,I want to take £0.10 and leave £0.00 for Player 2,I want to take £0.10 and leave £0.00 for Player 2,I want to take £0.10 and leave £0.00 for Player 2,I want to take £0.10 and leave £0.00 for Player 2,3,2,PlayerFair,FL_630,,,stingy_taking_PlayerB2|fair_taking_PlayerB3|fair_taking_PlayerB2|stingy_taking_PlayerB1|fair_taking_PlayerB1|stingy_taking_PlayerB3
2019-06-17 12:59:38,2019-06-17 13:05:38,IP Address,213.205.240.179,100,360,True,2019-06-17 13:05:41,R_AyQBdHk5eXGk5b3,,,,,51.527801513671875,0.0260009765625,anonymous,EN,1031,3,£0.00,£0.05,31,34,38,41,34,38,33,33,37,40,35,35,36,37,32,34,33,36,40,42,41,43,40,40,33,37,40,41,41,40,39,41,40,41,38,39,39,39,38,38,39,41,,I want to take £0.05 and leave £0.05 for Player 2,I want to take £0.05 and leave £0.05 for Player 2,I want to take £0.05 and leave £0.05 for Player 2,I want to take £0.05 and leave £0.05 for Player 2,I want to take £0.05 and leave £0.05 for Player 2,I want to take £0.10 and leave £0.00 for Player 2,4,4,PlayerStingy,FL_628,fair_taking_PlayerB1|fair_taking_PlayerB2|stingy_taking_PlayerB3|fair_taking_PlayerB3|stingy_taking_PlayerB2|stingy_taking_PlayerB1,,
2019-06-21 13:00:11,2019-06-21 13:09:19,IP Address,213.205.240.242,100,548,True,2019-06-21 13:09:20,R_2rxacuwqx3Z6t7S,,,,,51.527801513671875,0.0260009765625,anonymous,EN,1032,2,£0.00,£0.05,43,46,67,45,64,60,67,69,73,66,66,63,69,67,44,43,60,49,58,47,70,59,64,43,68,42,62,61,38,42,41,41,41,43,38,44,39,41,35,43,63,60,,I want to take £0.10 and leave £0.00 for Player 2,I want to take £0.05 and leave £0.05 for Player 2,I want to take £0.05 and leave £0.05 for Player 2,I want to take £0.05 and leave £0.05 for Player 2,I want to take £0.05 and leave £0.05 for Player 2,I want to take £0.05 and leave £0.05 for Player 2,4,1 - Nothing like this scenario,PlayerStingy,FL_628,fair_taking_PlayerB1|stingy_taking_PlayerB2|stingy_taking_PlayerB3|fair_taking_PlayerB2|stingy_taking_PlayerB1|fair_taking_PlayerB3,,
2019-06-21 13:30:52,2019-06-21 13:39:03,IP Address,213.205.240.242,100,490,True,2019-06-21 13:39:03,R_2qgwHocrE5SEx8l,,,,,51.527801513671875,0.0260009765625,anonymous,EN,1035,1,£0.00,£0.05,100,0,100,0,100,0,100,0,100,0,100,0,100,0,65,13,57,16,64,35,65,38,81,30,86,0,59,28,40,18,17,22,10,14,7,8,0,0,0,0,0,0,,I want to take £0.10 and leave £0.00 for Player 2,I want to take £0.05 and leave £0.05 for Player 2,I want to take £0.10 and leave £0.00 for Player 2,I want to take £0.05 and leave £0.05 for Player 2,I want to take £0.10 and leave £0.00 for Player 2,I want to take £0.05 and leave £0.05 for Player 2,4,1 - Nothing like this scenario,PlayerStingy,FL_628,stingy_taking_PlayerB3|fair_taking_PlayerB1|stingy_taking_PlayerB2|fair_taking_PlayerB3|fair_taking_PlayerB2|stingy_taking_PlayerB1,,
2019-06-24 12:54:50,2019-06-24 13:08:58,IP Address,213.205.240.159,100,848,True,2019-06-24 13:08:59,R_bjb5avYIIdKYh7b,,,,,51.527801513671875,0.0260009765625,anonymous,EN,1030,1,£0.00,£0.05,42,44,86,52,77,46,100,49,100,60,100,60,100,54,50,51,48,48,47,48,38,39,41,43,36,37,61,36,49,50,49,35,50,50,48,49,50,41,49,52,52,54,,I want to take £0.10 and leave £0.00 for Player 2,I want to take £0.10 and leave £0.00 for Player 2,I want to take £0.10 and leave £0.00 for Player 2,I want to take £0.10 and leave £0.00 for Player 2,I want to take £0.10 and leave £0.00 for Player 2,I want to take £0.10 and leave £0.00 for Player 2,5 -Very confident that other player was real,4,PlayerEqual,FL_631,,fair_taking_PlayerB3|stingy_taking_PlayerB2|stingy_taking_PlayerB3|fair_taking_PlayerB1|fair_taking_PlayerB2|stingy_taking_PlayerB1,
2019-06-28 12:57:40,2019-06-28 13:04:45,IP Address,213.205.240.173,100,424,True,2019-06-28 13:04:45,R_Zq3Ai2X7hmyFNIt,,,,,51.527801513671875,0.0260009765625,anonymous,EN,1035,2,£0.00,£0.05,74,28,78,29,77,30,80,40,94,46,93,39,100,46,22,21,21,10,30,8,71,29,88,21,75,19,39,10,30,25,15,19,19,3,11,0,0,0,0,0,0,0,,I want to take £0.10 and leave £0.00 for Player 2,I want to take £0.10 and leave £0.00 for Player 2,I want to take £0.10 and leave £0.00 for Player 2,I want to take £0.10 and leave £0.00 for Player 2,I want to take £0.10 and leave £0.00 for Player 2,I want to take £0.10 and leave £0.00 for Player 2,4,1 - Nothing like this scenario,PlayerEqual,FL_631,,fair_taking_PlayerB1|stingy_taking_PlayerB1|stingy_taking_PlayerB3|stingy_taking_PlayerB2|fair_taking_PlayerB3|fair_taking_PlayerB2,
2019-07-01 12:51:48,2019-07-01 13:04:51,IP Address,213.205.198.114,100,782,True,2019-07-01 13:04:52,R_cvDxfmTtOTbYWv7,,,,,51.4535064697265625,-2.591705322265625,anonymous,EN,1030,2,£0.10,£0.05,70,18,81,10,81,9,83,12,85,10,87,12,85,10,47,29,50,46,50,48,67,30,50,22,50,38,50,28,50,51,52,45,50,40,47,49,48,48,47,49,48,48,,I want to take £0.10 and leave £0.00 for Player 2,I want to take £0.10 and leave £0.00 for Player 2,I want to take £0.10 and leave £0.00 for Player 2,I want to take £0.10 and leave £0.00 for Player 2,I want to take £0.10 and leave £0.00 for Player 2,I want to take £0.10 and leave £0.00 for Player 2,4,5 - Exactly like this scenario,PlayerStingy,FL_628,fair_taking_PlayerB2|stingy_taking_PlayerB2|stingy_taking_PlayerB1|stingy_taking_PlayerB3|fair_taking_PlayerB1|fair_taking_PlayerB3,,
2019-07-04 13:17:56,2019-07-04 13:26:53,IP Address,213.205.240.150,100,536,True,2019-07-04 13:26:54,R_2ZDKkZYUyPY1qWs,,,,,51.54840087890625,0.171600341796875,anonymous,EN,1034,2,£0.00,£0.05,100,0,100,0,100,0,100,0,100,0,100,0,100,0,0,0,0,0,0,0,100,0,100,0,100,0,77,0,0,0,0,0,0,0,0,0,0,0,0,0,0,0,,I want to take £0.10 and leave £0.00 for Player 2,I want to take £0.10 and leave £0.00 for Player 2,I want to take £0.10 and leave £0.00 for Player 2,I want to take £0.10 and leave £0.00 for Player 2,I want to take £0.10 and leave £0.00 for Player 2,I want to take £0.10 and leave £0.00 for Player 2,5 -Very confident that other player was real,1 - Nothing like this scenario,PlayerEqual,FL_631,,stingy_taking_PlayerB1|stingy_taking_PlayerB3|fair_taking_PlayerB2|fair_taking_PlayerB3|stingy_taking_PlayerB2|fair_taking_PlayerB1,
2019-07-05 12:56:05,2019-07-05 13:04:22,IP Address,213.205.240.149,100,496,True,2019-07-05 13:04:22,R_27ro5wmDDDMEoIE,,,,,51.54840087890625,0.171600341796875,anonymous,EN,1035,3,£0.00,£0.05,73,22,76,22,84,32,81,28,81,29,80,23,89,22,38,25,28,20,31,29,30,23,62,26,65,29,45,18,35,25,33,32,33,26,33,22,34,26,34,21,23,2,,I want to take £0.10 and leave £0.00 for Player 2,I want to take £0.10 and leave £0.00 for Player 2,I want to take £0.10 and leave £0.00 for Player 2,I want to take £0.10 and leave £0.00 for Player 2,I want to take £0.10 and leave £0.00 for Player 2,I want to take £0.10 and leave £0.00 for Player 2,4,1 - Nothing like this scenario,PlayerEqual,FL_631,,fair_taking_PlayerB2|fair_taking_PlayerB3|stingy_taking_PlayerB3|fair_taking_PlayerB1|stingy_taking_PlayerB1|stingy_taking_PlayerB2,
2019-07-05 13:17:10,2019-07-05 13:38:13,IP Address,213.205.240.149,100,1263,True,2019-07-05 13:38:14,R_vvEgAmkV3wuQ0sp,,,,,51.54840087890625,0.171600341796875,anonymous,EN,1032,3,£0.10,£0.05,74,38,71,37,67,37,76,72,78,73,78,68,90,78,32,33,27,33,27,32,32,35,36,42,20,32,32,37,32,42,34,37,29,38,36,38,33,40,32,39,11,24,,I want to take £0.05 and leave £0.05 for Player 2,I want to take £0.05 and leave £0.05 for Player 2,I want to take £0.05 and leave £0.05 for Player 2,I want to take £0.05 and leave £0.05 for Player 2,,I want to take £0.05 and leave £0.05 for Player 2,4,1 - Nothing like this scenario,PlayerFair,FL_630,,,fair_taking_PlayerB2|stingy_taking_PlayerB1|fair_taking_PlayerB1|stingy_taking_PlayerB3|fair_taking_PlayerB3|stingy_taking_PlayerB2
2019-07-11 13:27:27,2019-07-11 13:34:38,IP Address,213.205.240.191,100,431,True,2019-07-11 13:34:39,R_25BMTuMN7oWTCbn,,,,,51.533294677734375,0.0832977294921875,anonymous,EN,1034,3,£0.10,£0.05,100,0,100,0,100,0,100,0,100,0,100,0,100,0,0,0,0,0,0,0,100,0,100,0,100,0,34,0,0,0,0,0,0,0,0,0,0,0,0,0,0,0,,I want to take £0.10 and leave £0.00 for Player 2,I want to take £0.10 and leave £0.00 for Player 2,I want to take £0.10 and leave £0.00 for Player 2,I want to take £0.10 and leave £0.00 for Player 2,I want to take £0.10 and leave £0.00 for Player 2,I want to take £0.10 and leave £0.00 for Player 2,4,1 - Nothing like this scenario,PlayerStingy,FL_628,stingy_taking_PlayerB2|stingy_taking_PlayerB3|fair_taking_PlayerB1|fair_taking_PlayerB2|stingy_taking_PlayerB1|fair_taking_PlayerB3,,
2019-07-22 12:59:22,2019-07-22 13:08:25,IP Address,213.205.240.249,100,543,True,2019-07-22 13:08:25,R_Zz5T7Ru79jI0QPn,,,,,51.58880615234375,-0.0247039794921875,anonymous,EN,1028,1,£0.10,£0.05,58,43,70,56,96,71,100,75,100,68,100,70,100,80,55,37,62,30,54,36,73,48,68,44,90,13,76,40,51,45,40,45,21,28,6,16,6,17,4,6,7,8,,I want to take £0.05 and leave £0.05 for Player 2,I want to take £0.05 and leave £0.05 for Player 2,I want to take £0.05 and leave £0.05 for Player 2,I want to take £0.05 and leave £0.05 for Player 2,I want to take £0.05 and leave £0.05 for Player 2,I want to take £0.05 and leave £0.05 for Player 2,4,1 - Nothing like this scenario,PlayerEqual,FL_631,,stingy_taking_PlayerB3|fair_taking_PlayerB2|fair_taking_PlayerB3|stingy_taking_PlayerB2|fair_taking_PlayerB1|stingy_taking_PlayerB1,
2019-07-23 12:56:44,2019-07-23 13:14:02,IP Address,213.205.240.242,100,1037,True,2019-07-23 13:14:02,R_pEigOMA0QK94yWt,,,,,51.58880615234375,-0.0247039794921875,anonymous,EN,1033,1,£0.00,£0.05,7,91,9,94,26,73,31,78,30,74,30,71,31,68,10,9,9,8,13,12,16,85,8,68,11,84,7,34,6,10,10,11,9,9,7,6,7,6,6,7,8,7,,I want to take £0.05 and leave £0.05 for Player 2,I want to take £0.05 and leave £0.05 for Player 2,I want to take £0.05 and leave £0.05 for Player 2,I want to take £0.05 and leave £0.05 for Player 2,I want to take £0.05 and leave £0.05 for Player 2,I want to take £0.05 and leave £0.05 for Player 2,5 -Very confident that other player was real,1 - Nothing like this scenario,PlayerEqual,FL_631,,stingy_taking_PlayerB2|fair_taking_PlayerB3|stingy_taking_PlayerB3|stingy_taking_PlayerB1|fair_taking_PlayerB1|fair_taking_PlayerB2,
2019-07-25 12:46:16,2019-07-25 12:51:23,IP Address,213.205.240.236,100,307,True,2019-07-25 12:51:24,R_1gTJlasNCAYcUGt,,,,,51.58880615234375,-0.0247039794921875,anonymous,EN,1030,3,£0.10,£0.05,51,19,50,41,50,48,52,32,51,44,50,51,59,34,33,39,33,26,43,40,53,24,53,31,56,42,49,38,37,45,45,45,47,49,46,34,44,18,43,0,36,32,,I want to take £0.10 and leave £0.00 for Player 2,I want to take £0.10 and leave £0.00 for Player 2,I want to take £0.10 and leave £0.00 for Player 2,I want to take £0.10 and leave £0.00 for Player 2,I want to take £0.10 and leave £0.00 for Player 2,I want to take £0.10 and leave £0.00 for Player 2,3,4,PlayerFair,FL_630,,,fair_taking_PlayerB3|stingy_taking_PlayerB2|stingy_taking_PlayerB3|stingy_taking_PlayerB1|fair_taking_PlayerB1|fair_taking_PlayerB2
2019-07-30 12:55:36,2019-07-30 13:09:16,IP Address,213.205.240.228,100,820,True,2019-07-30 13:09:16,R_a9s7QznCcXxNWOR,,,,,51.5023040771484375,0.1045074462890625,anonymous,EN,1033,2,£0.00,£0.05,89,19,87,17,87,19,85,12,86,15,87,13,88,13,8,8,7,9,5,8,88,11,85,12,87,11,19,22,13,11,11,14,8,9,8,9,7,6,8,5,6,4,,I want to take £0.05 and leave £0.05 for Player 2,I want to take £0.05 and leave £0.05 for Player 2,I want to take £0.05 and leave £0.05 for Player 2,I want to take £0.05 and leave £0.05 for Player 2,I want to take £0.05 and leave £0.05 for Player 2,I want to take £0.05 and leave £0.05 for Player 2,2,5 - Exactly like this scenario,PlayerStingy,FL_628,stingy_taking_PlayerB3|fair_taking_PlayerB3|stingy_taking_PlayerB1|stingy_taking_PlayerB2|fair_taking_PlayerB2|fair_taking_PlayerB1,,
2019-08-06 12:55:31,2019-08-06 13:10:21,IP Address,213.205.240.152,100,889,True,2019-08-06 13:10:21,R_Qh6bOKr3hU6jzKF,,,,,51.5023040771484375,0.1045074462890625,anonymous,EN,1033,3,£0.10,£0.05,66,61,68,63,62,64,61,62,61,63,63,64,62,63,6,5,3,4,6,8,68,40,69,41,68,41,20,20,6,6,6,5,7,6,7,6,8,5,6,7,0,0,,I want to take £0.05 and leave £0.05 for Player 2,I want to take £0.05 and leave £0.05 for Player 2,I want to take £0.05 and leave £0.05 for Player 2,I want to take £0.05 and leave £0.05 for Player 2,I want to take £0.05 and leave £0.05 for Player 2,I want to take £0.05 and leave £0.05 for Player 2,5 -Very confident that other player was real,5 - Exactly like this scenario,PlayerEqual,FL_631,,fair_taking_PlayerB2|stingy_taking_PlayerB2|stingy_taking_PlayerB1|stingy_taking_PlayerB3|fair_taking_PlayerB3|fair_taking_PlayerB1,
2019-08-12 13:24:45,2019-08-12 13:43:12,IP Address,46.68.8.210,100,1106,True,2019-08-12 13:43:13,R_1giQWGQYAY9rbpY,,,,,51.387298583984375,-0.15960693359375,anonymous,EN,1038,1,£0.00,£0.05,98,76,86,87,81,46,64,37,69,46,69,41,64,34,93,6,69,7,70,30,71,21,94,5,94,6,94,4,78,21,85,13,65,21,16,21,41,8,56,0,40,0,,I want to take £0.10 and leave £0.00 for Player 2,I want to take £0.10 and leave £0.00 for Player 2,I want to take £0.05 and leave £0.05 for Player 2,I want to take £0.10 and leave £0.00 for Player 2,I want to take £0.05 and leave £0.05 for Player 2,I want to take £0.10 and leave £0.00 for Player 2,3,1 - Nothing like this scenario,PlayerEqual,FL_631,,stingy_taking_PlayerB1|stingy_taking_PlayerB2|fair_taking_PlayerB2|stingy_taking_PlayerB3|fair_taking_PlayerB1|fair_taking_PlayerB3,
2019-08-13 12:54:04,2019-08-13 13:06:17,IP Address,213.205.240.199,100,732,True,2019-08-13 13:06:17,R_1obeDdEVILw9bHr,,,,,51.533294677734375,0.0832977294921875,anonymous,EN,1028,2,£0.00,£0.05,41,42,58,43,69,36,92,40,94,41,89,43,97,41,62,40,51,32,37,37,75,34,68,35,72,37,63,41,62,39,64,42,69,41,65,41,63,36,64,41,72,25,,I want to take £0.05 and leave £0.05 for Player 2,I want to take £0.10 and leave £0.00 for Player 2,I want to take £0.05 and leave £0.05 for Player 2,I want to take £0.10 and leave £0.00 for Player 2,I want to take £0.05 and leave £0.05 for Player 2,I want to take £0.10 and leave £0.00 for Player 2,4,4,PlayerStingy,FL_628,fair_taking_PlayerB3|fair_taking_PlayerB2|stingy_taking_PlayerB1|stingy_taking_PlayerB2|stingy_taking_PlayerB3|fair_taking_PlayerB1,,
2019-08-19 12:45:47,2019-08-19 12:57:26,IP Address,213.205.240.204,100,698,True,2019-08-19 12:57:26,R_2cdvdJxMhFt447J,,,,,51.533294677734375,0.0832977294921875,anonymous,EN,1038,2,£0.00,£0.05,72,71,76,77,79,79,82,82,85,84,86,86,80,34,74,27,80,23,88,24,86,31,84,25,78,25,80,18,67,32,62,35,72,34,75,35,75,28,77,21,66,35,,I want to take £0.10 and leave £0.00 for Player 2,I want to take £0.10 and leave £0.00 for Player 2,I want to take £0.10 and leave £0.00 for Player 2,I want to take £0.10 and leave £0.00 for Player 2,I want to take £0.10 and leave £0.00 for Player 2,I want to take £0.10 and leave £0.00 for Player 2,2,1 - Nothing like this scenario,PlayerFair,FL_630,,,fair_taking_PlayerB1|stingy_taking_PlayerB3|fair_taking_PlayerB2|stingy_taking_PlayerB1|stingy_taking_PlayerB2|fair_taking_PlayerB3
2019-08-19 13:19:19,2019-08-19 13:41:51,IP Address,213.205.240.204,100,1351,True,2019-08-19 13:41:51,R_1hLOjCrtOjqaddH,,,,,51.533294677734375,0.0832977294921875,anonymous,EN,2029,1,£0.00,£0.05,92,25,100,16,100,26,100,5,100,6,100,6,100,10,80,0,69,0,77,0,100,8,100,10,100,3,100,2,62,0,63,0,70,0,66,0,59,0,58,0,58,0,,I want to take £0.05 and leave £0.05 for Player 2,I want to take £0.05 and leave £0.05 for Player 2,I want to take £0.05 and leave £0.05 for Player 2,I want to take £0.05 and leave £0.05 for Player 2,I want to take £0.05 and leave £0.05 for Player 2,I want to take £0.05 and leave £0.05 for Player 2,2,3,PlayerFair,FL_630,,,fair_taking_PlayerB2|stingy_taking_PlayerB3|fair_taking_PlayerB3|fair_taking_PlayerB1|stingy_taking_PlayerB1|stingy_taking_PlayerB2
2019-08-27 13:23:34,2019-08-27 13:30:08,IP Address,213.205.240.218,100,394,True,2019-08-27 13:30:09,R_2S7F48wKW1PRckG,,,,,51.533294677734375,0.0832977294921875,anonymous,EN,1038,3,£0.00,£0.05,68,70,71,73,73,73,76,77,76,75,75,77,79,79,61,22,73,24,66,19,81,77,80,81,77,24,66,40,71,23,79,28,70,34,74,40,77,42,76,39,72,36,,I want to take £0.10 and leave £0.00 for Player 2,I want to take £0.10 and leave £0.00 for Player 2,I want to take £0.10 and leave £0.00 for Player 2,I want to take £0.10 and leave £0.00 for Player 2,I want to take £0.10 and leave £0.00 for Player 2,I want to take £0.10 and leave £0.00 for Player 2,2,4,PlayerStingy,FL_628,fair_taking_PlayerB1|stingy_taking_PlayerB1|fair_taking_PlayerB3|fair_taking_PlayerB2|stingy_taking_PlayerB3|stingy_taking_PlayerB2,,
2019-08-27 13:28:19,2019-08-27 13:36:36,IP Address,193.61.207.165,100,497,True,2019-08-27 13:36:37,R_bmEag85IeW0MMEN,,,,,51.5164031982421875,-0.0930023193359375,anonymous,EN,2029,2,£0.00,£0.05,86,11,83,20,86,3,85,7,100,10,100,5,100,7,79,0,58,0,63,0,75,0,93,4,72,11,70,0,77,8,77,0,58,0,50,0,55,0,56,0,54,0,,I want to take £0.05 and leave £0.05 for Player 2,I want to take £0.05 and leave £0.05 for Player 2,I want to take £0.05 and leave £0.05 for Player 2,I want to take £0.05 and leave £0.05 for Player 2,I want to take £0.05 and leave £0.05 for Player 2,I want to take £0.05 and leave £0.05 for Player 2,2,5 - Exactly like this scenario,PlayerEqual,FL_631,,stingy_taking_PlayerB2|fair_taking_PlayerB1|fair_taking_PlayerB2|stingy_taking_PlayerB3|fair_taking_PlayerB3|stingy_taking_PlayerB1,
2019-09-02 12:57:13,2019-09-02 13:04:19,IP Address,213.205.240.184,100,425,True,2019-09-02 13:04:19,R_BuiP6jgisMWc0cV,,,,,51.54840087890625,0.171600341796875,anonymous,EN,1028,3,£0.00,£0.05,75,35,86,42,81,57,92,64,93,73,98,81,100,76,71,9,59,28,69,29,65,39,77,16,79,24,73,11,65,36,34,38,18,1,50,5,56,1,70,4,69,2,,I want to take £0.10 and leave £0.00 for Player 2,I want to take £0.05 and leave £0.05 for Player 2,I want to take £0.10 and leave £0.00 for Player 2,I want to take £0.05 and leave £0.05 for Player 2,I want to take £0.10 and leave £0.00 for Player 2,I want to take £0.10 and leave £0.00 for Player 2,4,4,PlayerEqual,FL_631,,fair_taking_PlayerB2|stingy_taking_PlayerB1|fair_taking_PlayerB1|fair_taking_PlayerB3|stingy_taking_PlayerB3|stingy_taking_PlayerB2,
2019-09-02 13:15:07,2019-09-02 13:36:08,IP Address,213.205.240.184,100,1261,True,2019-09-02 13:36:09,R_ODynqnUuWGQLg4x,,,,,51.54840087890625,0.171600341796875,anonymous,EN,2029,3,£0.00,£0.05,100,7,100,5,100,0,100,0,100,0,100,0,100,0,65,1,78,0,2,0,97,1,90,4,96,2,81,0,53,0,44,0,43,0,54,0,54,0,53,0,53,0,,I want to take £0.05 and leave £0.05 for Player 2,I want to take £0.05 and leave £0.05 for Player 2,I want to take £0.05 and leave £0.05 for Player 2,I want to take £0.05 and leave £0.05 for Player 2,I want to take £0.05 and leave £0.05 for Player 2,I want to take £0.05 and leave £0.05 for Player 2,2,5 - Exactly like this scenario,PlayerEqual,FL_631,,fair_taking_PlayerB3|stingy_taking_PlayerB3|fair_taking_PlayerB1|stingy_taking_PlayerB2|fair_taking_PlayerB2|stingy_taking_PlayerB1,
